"location","horizon","target_end_date","reference_date","target","output_type","output_type_id","value"
"01",0,2026-01-17,2026-01-17,"wk inc flu hosp","quantile",0.025,234.401847245201
"01",0,2026-01-17,2026-01-17,"wk inc flu hosp","quantile",0.1,287.167319520793
"01",0,2026-01-17,2026-01-17,"wk inc flu hosp","quantile",0.25,377.862889671096
"01",0,2026-01-17,2026-01-17,"wk inc flu hosp","quantile",0.5,434.995924195368
"01",0,2026-01-17,2026-01-17,"wk inc flu hosp","quantile",0.75,516.776618954329
"01",0,2026-01-17,2026-01-17,"wk inc flu hosp","quantile",0.9,566.182930903043
"01",0,2026-01-17,2026-01-17,"wk inc flu hosp","quantile",0.975,761.055301562026
"01",1,2026-01-24,2026-01-17,"wk inc flu hosp","quantile",0.025,204.922440685371
"01",1,2026-01-24,2026-01-17,"wk inc flu hosp","quantile",0.1,229.236913080511
"01",1,2026-01-24,2026-01-17,"wk inc flu hosp","quantile",0.25,332.427077635833
"01",1,2026-01-24,2026-01-17,"wk inc flu hosp","quantile",0.5,362.138560092891
"01",1,2026-01-24,2026-01-17,"wk inc flu hosp","quantile",0.75,510.52784313356
"01",1,2026-01-24,2026-01-17,"wk inc flu hosp","quantile",0.9,583.725893653059
"01",1,2026-01-24,2026-01-17,"wk inc flu hosp","quantile",0.975,864.87992131299
"01",2,2026-01-31,2026-01-17,"wk inc flu hosp","quantile",0.025,176.031446780244
"01",2,2026-01-31,2026-01-17,"wk inc flu hosp","quantile",0.1,192.182211433198
"01",2,2026-01-31,2026-01-17,"wk inc flu hosp","quantile",0.25,300.943439605131
"01",2,2026-01-31,2026-01-17,"wk inc flu hosp","quantile",0.5,305.739468434995
"01",2,2026-01-31,2026-01-17,"wk inc flu hosp","quantile",0.75,474.489117957375
"01",2,2026-01-31,2026-01-17,"wk inc flu hosp","quantile",0.9,612.787168354969
"01",2,2026-01-31,2026-01-17,"wk inc flu hosp","quantile",0.975,935.431962632839
"02",0,2026-01-17,2026-01-17,"wk inc flu hosp","quantile",0.025,21.2415920390929
"02",0,2026-01-17,2026-01-17,"wk inc flu hosp","quantile",0.1,28.8947690885973
"02",0,2026-01-17,2026-01-17,"wk inc flu hosp","quantile",0.25,43.1196253745628
"02",0,2026-01-17,2026-01-17,"wk inc flu hosp","quantile",0.5,54.7823143286372
"02",0,2026-01-17,2026-01-17,"wk inc flu hosp","quantile",0.75,69.7992946195109
"02",0,2026-01-17,2026-01-17,"wk inc flu hosp","quantile",0.9,84.0089863837594
"02",0,2026-01-17,2026-01-17,"wk inc flu hosp","quantile",0.975,104.497937779832
"02",1,2026-01-24,2026-01-17,"wk inc flu hosp","quantile",0.025,18.1232089808885
"02",1,2026-01-24,2026-01-17,"wk inc flu hosp","quantile",0.1,25.5873533262893
"02",1,2026-01-24,2026-01-17,"wk inc flu hosp","quantile",0.25,40.7476758859476
"02",1,2026-01-24,2026-01-17,"wk inc flu hosp","quantile",0.5,53.346357952225
"02",1,2026-01-24,2026-01-17,"wk inc flu hosp","quantile",0.75,67.0798463757672
"02",1,2026-01-24,2026-01-17,"wk inc flu hosp","quantile",0.9,89.7084824953845
"02",1,2026-01-24,2026-01-17,"wk inc flu hosp","quantile",0.975,115.923158648196
"02",2,2026-01-31,2026-01-17,"wk inc flu hosp","quantile",0.025,15.5225773517815
"02",2,2026-01-31,2026-01-17,"wk inc flu hosp","quantile",0.1,20.5829084104904
"02",2,2026-01-31,2026-01-17,"wk inc flu hosp","quantile",0.25,35.7406671685157
"02",2,2026-01-31,2026-01-17,"wk inc flu hosp","quantile",0.5,50.7018967628917
"02",2,2026-01-31,2026-01-17,"wk inc flu hosp","quantile",0.75,69.2202256760649
"02",2,2026-01-31,2026-01-17,"wk inc flu hosp","quantile",0.9,94.9098681649053
"02",2,2026-01-31,2026-01-17,"wk inc flu hosp","quantile",0.975,119.585909353247
"04",0,2026-01-17,2026-01-17,"wk inc flu hosp","quantile",0.025,249.202845181304
"04",0,2026-01-17,2026-01-17,"wk inc flu hosp","quantile",0.1,353.034047585664
"04",0,2026-01-17,2026-01-17,"wk inc flu hosp","quantile",0.25,456.41577633352
"04",0,2026-01-17,2026-01-17,"wk inc flu hosp","quantile",0.5,585.401796323086
"04",0,2026-01-17,2026-01-17,"wk inc flu hosp","quantile",0.75,658.090638116879
"04",0,2026-01-17,2026-01-17,"wk inc flu hosp","quantile",0.9,783.268894769272
"04",0,2026-01-17,2026-01-17,"wk inc flu hosp","quantile",0.975,952.918439062363
"04",1,2026-01-24,2026-01-17,"wk inc flu hosp","quantile",0.025,246.524086488556
"04",1,2026-01-24,2026-01-17,"wk inc flu hosp","quantile",0.1,351.516541492665
"04",1,2026-01-24,2026-01-17,"wk inc flu hosp","quantile",0.25,492.103333854517
"04",1,2026-01-24,2026-01-17,"wk inc flu hosp","quantile",0.5,622.016027347409
"04",1,2026-01-24,2026-01-17,"wk inc flu hosp","quantile",0.75,897.576803931858
"04",1,2026-01-24,2026-01-17,"wk inc flu hosp","quantile",0.9,968.171340531691
"04",1,2026-01-24,2026-01-17,"wk inc flu hosp","quantile",0.975,1207.45725127943
"04",2,2026-01-31,2026-01-17,"wk inc flu hosp","quantile",0.025,236.331444269413
"04",2,2026-01-31,2026-01-17,"wk inc flu hosp","quantile",0.1,326.956803081208
"04",2,2026-01-31,2026-01-17,"wk inc flu hosp","quantile",0.25,491.755687132572
"04",2,2026-01-31,2026-01-17,"wk inc flu hosp","quantile",0.5,624.152305766295
"04",2,2026-01-31,2026-01-17,"wk inc flu hosp","quantile",0.75,962.165126030955
"04",2,2026-01-31,2026-01-17,"wk inc flu hosp","quantile",0.9,1090.58741551034
"04",2,2026-01-31,2026-01-17,"wk inc flu hosp","quantile",0.975,1285.39554560262
"05",0,2026-01-17,2026-01-17,"wk inc flu hosp","quantile",0.025,123.8942736991
"05",0,2026-01-17,2026-01-17,"wk inc flu hosp","quantile",0.1,153.33348523538
"05",0,2026-01-17,2026-01-17,"wk inc flu hosp","quantile",0.25,207.578982296002
"05",0,2026-01-17,2026-01-17,"wk inc flu hosp","quantile",0.5,264.708393422791
"05",0,2026-01-17,2026-01-17,"wk inc flu hosp","quantile",0.75,314.695664856699
"05",0,2026-01-17,2026-01-17,"wk inc flu hosp","quantile",0.9,343.352825439668
"05",0,2026-01-17,2026-01-17,"wk inc flu hosp","quantile",0.975,456.921221482076
"05",1,2026-01-24,2026-01-17,"wk inc flu hosp","quantile",0.025,109.308810882782
"05",1,2026-01-24,2026-01-17,"wk inc flu hosp","quantile",0.1,133.145483243038
"05",1,2026-01-24,2026-01-17,"wk inc flu hosp","quantile",0.25,192.141196949185
"05",1,2026-01-24,2026-01-17,"wk inc flu hosp","quantile",0.5,225.235910420755
"05",1,2026-01-24,2026-01-17,"wk inc flu hosp","quantile",0.75,325.565361742598
"05",1,2026-01-24,2026-01-17,"wk inc flu hosp","quantile",0.9,371.716714623469
"05",1,2026-01-24,2026-01-17,"wk inc flu hosp","quantile",0.975,546.629473056092
"05",2,2026-01-31,2026-01-17,"wk inc flu hosp","quantile",0.025,92.8675430900827
"05",2,2026-01-31,2026-01-17,"wk inc flu hosp","quantile",0.1,105.212185619419
"05",2,2026-01-31,2026-01-17,"wk inc flu hosp","quantile",0.25,162.691486199542
"05",2,2026-01-31,2026-01-17,"wk inc flu hosp","quantile",0.5,200.058049202025
"05",2,2026-01-31,2026-01-17,"wk inc flu hosp","quantile",0.75,318.569559796808
"05",2,2026-01-31,2026-01-17,"wk inc flu hosp","quantile",0.9,382.378260581395
"05",2,2026-01-31,2026-01-17,"wk inc flu hosp","quantile",0.975,582.691448790275
"06",0,2026-01-17,2026-01-17,"wk inc flu hosp","quantile",0.025,960.429081997488
"06",0,2026-01-17,2026-01-17,"wk inc flu hosp","quantile",0.1,1262.44127161292
"06",0,2026-01-17,2026-01-17,"wk inc flu hosp","quantile",0.25,1581.3968704538
"06",0,2026-01-17,2026-01-17,"wk inc flu hosp","quantile",0.5,1901.76233584371
"06",0,2026-01-17,2026-01-17,"wk inc flu hosp","quantile",0.75,2111.92550739244
"06",0,2026-01-17,2026-01-17,"wk inc flu hosp","quantile",0.9,2301.65483795762
"06",0,2026-01-17,2026-01-17,"wk inc flu hosp","quantile",0.975,3060.31176330325
"06",1,2026-01-24,2026-01-17,"wk inc flu hosp","quantile",0.025,918.329051322579
"06",1,2026-01-24,2026-01-17,"wk inc flu hosp","quantile",0.1,1229.04240493251
"06",1,2026-01-24,2026-01-17,"wk inc flu hosp","quantile",0.25,1562.69872029431
"06",1,2026-01-24,2026-01-17,"wk inc flu hosp","quantile",0.5,1917.72906741628
"06",1,2026-01-24,2026-01-17,"wk inc flu hosp","quantile",0.75,2344.78373467305
"06",1,2026-01-24,2026-01-17,"wk inc flu hosp","quantile",0.9,2717.2742747464
"06",1,2026-01-24,2026-01-17,"wk inc flu hosp","quantile",0.975,3607.13244933265
"06",2,2026-01-31,2026-01-17,"wk inc flu hosp","quantile",0.025,863.019189048857
"06",2,2026-01-31,2026-01-17,"wk inc flu hosp","quantile",0.1,1154.52165218959
"06",2,2026-01-31,2026-01-17,"wk inc flu hosp","quantile",0.25,1516.28226075243
"06",2,2026-01-31,2026-01-17,"wk inc flu hosp","quantile",0.5,1865.22186306703
"06",2,2026-01-31,2026-01-17,"wk inc flu hosp","quantile",0.75,2448.03696743738
"06",2,2026-01-31,2026-01-17,"wk inc flu hosp","quantile",0.9,2861.31239966687
"06",2,2026-01-31,2026-01-17,"wk inc flu hosp","quantile",0.975,4121.00975127939
"08",0,2026-01-17,2026-01-17,"wk inc flu hosp","quantile",0.025,385.795229546008
"08",0,2026-01-17,2026-01-17,"wk inc flu hosp","quantile",0.1,446.890982644278
"08",0,2026-01-17,2026-01-17,"wk inc flu hosp","quantile",0.25,567.98348263778
"08",0,2026-01-17,2026-01-17,"wk inc flu hosp","quantile",0.5,660.883141010963
"08",0,2026-01-17,2026-01-17,"wk inc flu hosp","quantile",0.75,837.442744358884
"08",0,2026-01-17,2026-01-17,"wk inc flu hosp","quantile",0.9,932.048453989317
"08",0,2026-01-17,2026-01-17,"wk inc flu hosp","quantile",0.975,1213.05141892158
"08",1,2026-01-24,2026-01-17,"wk inc flu hosp","quantile",0.025,294.606039211294
"08",1,2026-01-24,2026-01-17,"wk inc flu hosp","quantile",0.1,347.638008851205
"08",1,2026-01-24,2026-01-17,"wk inc flu hosp","quantile",0.25,480.038520636044
"08",1,2026-01-24,2026-01-17,"wk inc flu hosp","quantile",0.5,568.289022507334
"08",1,2026-01-24,2026-01-17,"wk inc flu hosp","quantile",0.75,819.13969087132
"08",1,2026-01-24,2026-01-17,"wk inc flu hosp","quantile",0.9,969.853384252637
"08",1,2026-01-24,2026-01-17,"wk inc flu hosp","quantile",0.975,1369.26496061211
"08",2,2026-01-31,2026-01-17,"wk inc flu hosp","quantile",0.025,226.661768190863
"08",2,2026-01-31,2026-01-17,"wk inc flu hosp","quantile",0.1,274.488777679725
"08",2,2026-01-31,2026-01-17,"wk inc flu hosp","quantile",0.25,385.780732341399
"08",2,2026-01-31,2026-01-17,"wk inc flu hosp","quantile",0.5,503.013035677575
"08",2,2026-01-31,2026-01-17,"wk inc flu hosp","quantile",0.75,739.940299913811
"08",2,2026-01-31,2026-01-17,"wk inc flu hosp","quantile",0.9,915.095040603375
"08",2,2026-01-31,2026-01-17,"wk inc flu hosp","quantile",0.975,1443.24768350007
"09",0,2026-01-17,2026-01-17,"wk inc flu hosp","quantile",0.025,336.371502334948
"09",0,2026-01-17,2026-01-17,"wk inc flu hosp","quantile",0.1,385.870244592882
"09",0,2026-01-17,2026-01-17,"wk inc flu hosp","quantile",0.25,475.196892278819
"09",0,2026-01-17,2026-01-17,"wk inc flu hosp","quantile",0.5,553.709816360316
"09",0,2026-01-17,2026-01-17,"wk inc flu hosp","quantile",0.75,704.369880157494
"09",0,2026-01-17,2026-01-17,"wk inc flu hosp","quantile",0.9,913.581670875653
"09",0,2026-01-17,2026-01-17,"wk inc flu hosp","quantile",0.975,1200.93628819844
"09",1,2026-01-24,2026-01-17,"wk inc flu hosp","quantile",0.025,236.670031748623
"09",1,2026-01-24,2026-01-17,"wk inc flu hosp","quantile",0.1,305.189658326942
"09",1,2026-01-24,2026-01-17,"wk inc flu hosp","quantile",0.25,391.909799643295
"09",1,2026-01-24,2026-01-17,"wk inc flu hosp","quantile",0.5,425.234152118815
"09",1,2026-01-24,2026-01-17,"wk inc flu hosp","quantile",0.75,641.934072065951
"09",1,2026-01-24,2026-01-17,"wk inc flu hosp","quantile",0.9,889.380021570835
"09",1,2026-01-24,2026-01-17,"wk inc flu hosp","quantile",0.975,1331.77483895772
"09",2,2026-01-31,2026-01-17,"wk inc flu hosp","quantile",0.025,175.867000959167
"09",2,2026-01-31,2026-01-17,"wk inc flu hosp","quantile",0.1,225.71735963563
"09",2,2026-01-31,2026-01-17,"wk inc flu hosp","quantile",0.25,324.236718378026
"09",2,2026-01-31,2026-01-17,"wk inc flu hosp","quantile",0.5,379.390318072795
"09",2,2026-01-31,2026-01-17,"wk inc flu hosp","quantile",0.75,563.053066296532
"09",2,2026-01-31,2026-01-17,"wk inc flu hosp","quantile",0.9,856.596660103173
"09",2,2026-01-31,2026-01-17,"wk inc flu hosp","quantile",0.975,1386.60211969937
"10",0,2026-01-17,2026-01-17,"wk inc flu hosp","quantile",0.025,63.7535326422175
"10",0,2026-01-17,2026-01-17,"wk inc flu hosp","quantile",0.1,85.5438055067809
"10",0,2026-01-17,2026-01-17,"wk inc flu hosp","quantile",0.25,115.999368864638
"10",0,2026-01-17,2026-01-17,"wk inc flu hosp","quantile",0.5,145.12234991236
"10",0,2026-01-17,2026-01-17,"wk inc flu hosp","quantile",0.75,197.259561903329
"10",0,2026-01-17,2026-01-17,"wk inc flu hosp","quantile",0.9,244.621957738143
"10",0,2026-01-17,2026-01-17,"wk inc flu hosp","quantile",0.975,307.684820940819
"10",1,2026-01-24,2026-01-17,"wk inc flu hosp","quantile",0.025,50.0217404924777
"10",1,2026-01-24,2026-01-17,"wk inc flu hosp","quantile",0.1,59.7041518342545
"10",1,2026-01-24,2026-01-17,"wk inc flu hosp","quantile",0.25,91.6312313555219
"10",1,2026-01-24,2026-01-17,"wk inc flu hosp","quantile",0.5,116.712192274028
"10",1,2026-01-24,2026-01-17,"wk inc flu hosp","quantile",0.75,188.364629581555
"10",1,2026-01-24,2026-01-17,"wk inc flu hosp","quantile",0.9,244.357987960916
"10",1,2026-01-24,2026-01-17,"wk inc flu hosp","quantile",0.975,338.382498600273
"10",2,2026-01-31,2026-01-17,"wk inc flu hosp","quantile",0.025,36.6370309323252
"10",2,2026-01-31,2026-01-17,"wk inc flu hosp","quantile",0.1,47.8708744176675
"10",2,2026-01-31,2026-01-17,"wk inc flu hosp","quantile",0.25,75.2919453099846
"10",2,2026-01-31,2026-01-17,"wk inc flu hosp","quantile",0.5,105.59993007403
"10",2,2026-01-31,2026-01-17,"wk inc flu hosp","quantile",0.75,174.127586442725
"10",2,2026-01-31,2026-01-17,"wk inc flu hosp","quantile",0.9,236.032166249776
"10",2,2026-01-31,2026-01-17,"wk inc flu hosp","quantile",0.975,355.410695789205
"11",0,2026-01-17,2026-01-17,"wk inc flu hosp","quantile",0.025,35.4544483318724
"11",0,2026-01-17,2026-01-17,"wk inc flu hosp","quantile",0.1,46.2849726532346
"11",0,2026-01-17,2026-01-17,"wk inc flu hosp","quantile",0.25,62.6847116232536
"11",0,2026-01-17,2026-01-17,"wk inc flu hosp","quantile",0.5,77.6416518234437
"11",0,2026-01-17,2026-01-17,"wk inc flu hosp","quantile",0.75,97.1618426367242
"11",0,2026-01-17,2026-01-17,"wk inc flu hosp","quantile",0.9,119.713428333588
"11",0,2026-01-17,2026-01-17,"wk inc flu hosp","quantile",0.975,153.470563149629
"11",1,2026-01-24,2026-01-17,"wk inc flu hosp","quantile",0.025,28.3312060158987
"11",1,2026-01-24,2026-01-17,"wk inc flu hosp","quantile",0.1,38.4510975689021
"11",1,2026-01-24,2026-01-17,"wk inc flu hosp","quantile",0.25,56.8644235227617
"11",1,2026-01-24,2026-01-17,"wk inc flu hosp","quantile",0.5,63.529604371484
"11",1,2026-01-24,2026-01-17,"wk inc flu hosp","quantile",0.75,99.8010268797763
"11",1,2026-01-24,2026-01-17,"wk inc flu hosp","quantile",0.9,123.768839737983
"11",1,2026-01-24,2026-01-17,"wk inc flu hosp","quantile",0.975,172.68545325859
"11",2,2026-01-31,2026-01-17,"wk inc flu hosp","quantile",0.025,22.1860397548583
"11",2,2026-01-31,2026-01-17,"wk inc flu hosp","quantile",0.1,32.2672193016795
"11",2,2026-01-31,2026-01-17,"wk inc flu hosp","quantile",0.25,47.2768832489474
"11",2,2026-01-31,2026-01-17,"wk inc flu hosp","quantile",0.5,58.5288868598032
"11",2,2026-01-31,2026-01-17,"wk inc flu hosp","quantile",0.75,90.617538630305
"11",2,2026-01-31,2026-01-17,"wk inc flu hosp","quantile",0.9,120.351535422379
"11",2,2026-01-31,2026-01-17,"wk inc flu hosp","quantile",0.975,186.220840980195
"12",0,2026-01-17,2026-01-17,"wk inc flu hosp","quantile",0.025,1250.79897560583
"12",0,2026-01-17,2026-01-17,"wk inc flu hosp","quantile",0.1,1519.71178234719
"12",0,2026-01-17,2026-01-17,"wk inc flu hosp","quantile",0.25,1994.54128443974
"12",0,2026-01-17,2026-01-17,"wk inc flu hosp","quantile",0.5,2103.69900610549
"12",0,2026-01-17,2026-01-17,"wk inc flu hosp","quantile",0.75,2269.2890825672
"12",0,2026-01-17,2026-01-17,"wk inc flu hosp","quantile",0.9,2467.2034641218
"12",0,2026-01-17,2026-01-17,"wk inc flu hosp","quantile",0.975,3556.61765908764
"12",1,2026-01-24,2026-01-17,"wk inc flu hosp","quantile",0.025,1024.18023398073
"12",1,2026-01-24,2026-01-17,"wk inc flu hosp","quantile",0.1,1168.87294752048
"12",1,2026-01-24,2026-01-17,"wk inc flu hosp","quantile",0.25,1666.19247449979
"12",1,2026-01-24,2026-01-17,"wk inc flu hosp","quantile",0.5,1689.76584325271
"12",1,2026-01-24,2026-01-17,"wk inc flu hosp","quantile",0.75,2287.1663259279
"12",1,2026-01-24,2026-01-17,"wk inc flu hosp","quantile",0.9,2416.1538554438
"12",1,2026-01-24,2026-01-17,"wk inc flu hosp","quantile",0.975,3925.08514594721
"12",2,2026-01-31,2026-01-17,"wk inc flu hosp","quantile",0.025,838.915463167602
"12",2,2026-01-31,2026-01-17,"wk inc flu hosp","quantile",0.1,952.993811978534
"12",2,2026-01-31,2026-01-17,"wk inc flu hosp","quantile",0.25,1412.7728320169
"12",2,2026-01-31,2026-01-17,"wk inc flu hosp","quantile",0.5,1507.96558610591
"12",2,2026-01-31,2026-01-17,"wk inc flu hosp","quantile",0.75,2111.33703750002
"12",2,2026-01-31,2026-01-17,"wk inc flu hosp","quantile",0.9,2416.74972169414
"12",2,2026-01-31,2026-01-17,"wk inc flu hosp","quantile",0.975,4150.70068699606
"13",0,2026-01-17,2026-01-17,"wk inc flu hosp","quantile",0.025,550.271375478312
"13",0,2026-01-17,2026-01-17,"wk inc flu hosp","quantile",0.1,660.357302383833
"13",0,2026-01-17,2026-01-17,"wk inc flu hosp","quantile",0.25,815.705839361901
"13",0,2026-01-17,2026-01-17,"wk inc flu hosp","quantile",0.5,956.4894824633
"13",0,2026-01-17,2026-01-17,"wk inc flu hosp","quantile",0.75,1257.77647476714
"13",0,2026-01-17,2026-01-17,"wk inc flu hosp","quantile",0.9,1379.98149129943
"13",0,2026-01-17,2026-01-17,"wk inc flu hosp","quantile",0.975,1806.44310743978
"13",1,2026-01-24,2026-01-17,"wk inc flu hosp","quantile",0.025,420.962656089808
"13",1,2026-01-24,2026-01-17,"wk inc flu hosp","quantile",0.1,464.506006477355
"13",1,2026-01-24,2026-01-17,"wk inc flu hosp","quantile",0.25,666.626989469421
"13",1,2026-01-24,2026-01-17,"wk inc flu hosp","quantile",0.5,862.883032259751
"13",1,2026-01-24,2026-01-17,"wk inc flu hosp","quantile",0.75,1153.65611067371
"13",1,2026-01-24,2026-01-17,"wk inc flu hosp","quantile",0.9,1412.58203108904
"13",1,2026-01-24,2026-01-17,"wk inc flu hosp","quantile",0.975,1995.9888603435
"13",2,2026-01-31,2026-01-17,"wk inc flu hosp","quantile",0.025,315.329475998881
"13",2,2026-01-31,2026-01-17,"wk inc flu hosp","quantile",0.1,398.907011022523
"13",2,2026-01-31,2026-01-17,"wk inc flu hosp","quantile",0.25,587.61764969329
"13",2,2026-01-31,2026-01-17,"wk inc flu hosp","quantile",0.5,750.291625750023
"13",2,2026-01-31,2026-01-17,"wk inc flu hosp","quantile",0.75,1102.34321018005
"13",2,2026-01-31,2026-01-17,"wk inc flu hosp","quantile",0.9,1423.30363311828
"13",2,2026-01-31,2026-01-17,"wk inc flu hosp","quantile",0.975,2100.47280766664
"15",0,2026-01-17,2026-01-17,"wk inc flu hosp","quantile",0.025,42.1255295889528
"15",0,2026-01-17,2026-01-17,"wk inc flu hosp","quantile",0.1,56.3141805144884
"15",0,2026-01-17,2026-01-17,"wk inc flu hosp","quantile",0.25,78.6388594799847
"15",0,2026-01-17,2026-01-17,"wk inc flu hosp","quantile",0.5,101.126371491209
"15",0,2026-01-17,2026-01-17,"wk inc flu hosp","quantile",0.75,113.38854575948
"15",0,2026-01-17,2026-01-17,"wk inc flu hosp","quantile",0.9,126.87509825818
"15",0,2026-01-17,2026-01-17,"wk inc flu hosp","quantile",0.975,172.578619696886
"15",1,2026-01-24,2026-01-17,"wk inc flu hosp","quantile",0.025,32.9744628804524
"15",1,2026-01-24,2026-01-17,"wk inc flu hosp","quantile",0.1,48.4846914408473
"15",1,2026-01-24,2026-01-17,"wk inc flu hosp","quantile",0.25,71.0672782150468
"15",1,2026-01-24,2026-01-17,"wk inc flu hosp","quantile",0.5,95.2250946113859
"15",1,2026-01-24,2026-01-17,"wk inc flu hosp","quantile",0.75,111.175641731941
"15",1,2026-01-24,2026-01-17,"wk inc flu hosp","quantile",0.9,133.106106900648
"15",1,2026-01-24,2026-01-17,"wk inc flu hosp","quantile",0.975,189.846588360187
"15",2,2026-01-31,2026-01-17,"wk inc flu hosp","quantile",0.025,26.4796539388557
"15",2,2026-01-31,2026-01-17,"wk inc flu hosp","quantile",0.1,39.9892593347811
"15",2,2026-01-31,2026-01-17,"wk inc flu hosp","quantile",0.25,60.5378771465702
"15",2,2026-01-31,2026-01-17,"wk inc flu hosp","quantile",0.5,91.1680974159203
"15",2,2026-01-31,2026-01-17,"wk inc flu hosp","quantile",0.75,113.07624032539
"15",2,2026-01-31,2026-01-17,"wk inc flu hosp","quantile",0.9,134.75084021457
"15",2,2026-01-31,2026-01-17,"wk inc flu hosp","quantile",0.975,199.00549858852
"16",0,2026-01-17,2026-01-17,"wk inc flu hosp","quantile",0.025,118.222623843585
"16",0,2026-01-17,2026-01-17,"wk inc flu hosp","quantile",0.1,162.42004440783
"16",0,2026-01-17,2026-01-17,"wk inc flu hosp","quantile",0.25,201.081410373081
"16",0,2026-01-17,2026-01-17,"wk inc flu hosp","quantile",0.5,218.749685219796
"16",0,2026-01-17,2026-01-17,"wk inc flu hosp","quantile",0.75,280.806557412315
"16",0,2026-01-17,2026-01-17,"wk inc flu hosp","quantile",0.9,335.442332195397
"16",0,2026-01-17,2026-01-17,"wk inc flu hosp","quantile",0.975,447.689167049497
"16",1,2026-01-24,2026-01-17,"wk inc flu hosp","quantile",0.025,97.2027939670336
"16",1,2026-01-24,2026-01-17,"wk inc flu hosp","quantile",0.1,138.864676063506
"16",1,2026-01-24,2026-01-17,"wk inc flu hosp","quantile",0.25,190.900033421096
"16",1,2026-01-24,2026-01-17,"wk inc flu hosp","quantile",0.5,218.865414870012
"16",1,2026-01-24,2026-01-17,"wk inc flu hosp","quantile",0.75,291.315232406784
"16",1,2026-01-24,2026-01-17,"wk inc flu hosp","quantile",0.9,342.469773951976
"16",1,2026-01-24,2026-01-17,"wk inc flu hosp","quantile",0.975,523.604251916159
"16",2,2026-01-31,2026-01-17,"wk inc flu hosp","quantile",0.025,85.8774108531371
"16",2,2026-01-31,2026-01-17,"wk inc flu hosp","quantile",0.1,119.578046824935
"16",2,2026-01-31,2026-01-17,"wk inc flu hosp","quantile",0.25,186.739056147287
"16",2,2026-01-31,2026-01-17,"wk inc flu hosp","quantile",0.5,215.923493336396
"16",2,2026-01-31,2026-01-17,"wk inc flu hosp","quantile",0.75,290.16213553862
"16",2,2026-01-31,2026-01-17,"wk inc flu hosp","quantile",0.9,365.727108890658
"16",2,2026-01-31,2026-01-17,"wk inc flu hosp","quantile",0.975,571.932992487218
"17",0,2026-01-17,2026-01-17,"wk inc flu hosp","quantile",0.025,855.82639900466
"17",0,2026-01-17,2026-01-17,"wk inc flu hosp","quantile",0.1,1065.52422711067
"17",0,2026-01-17,2026-01-17,"wk inc flu hosp","quantile",0.25,1286.44343113381
"17",0,2026-01-17,2026-01-17,"wk inc flu hosp","quantile",0.5,1536.40886819052
"17",0,2026-01-17,2026-01-17,"wk inc flu hosp","quantile",0.75,1811.79247356497
"17",0,2026-01-17,2026-01-17,"wk inc flu hosp","quantile",0.9,2105.62780260357
"17",0,2026-01-17,2026-01-17,"wk inc flu hosp","quantile",0.975,2640.66568927862
"17",1,2026-01-24,2026-01-17,"wk inc flu hosp","quantile",0.025,725.951292481045
"17",1,2026-01-24,2026-01-17,"wk inc flu hosp","quantile",0.1,988.979649468117
"17",1,2026-01-24,2026-01-17,"wk inc flu hosp","quantile",0.25,1219.59206177675
"17",1,2026-01-24,2026-01-17,"wk inc flu hosp","quantile",0.5,1440.47918991746
"17",1,2026-01-24,2026-01-17,"wk inc flu hosp","quantile",0.75,1841.50566222839
"17",1,2026-01-24,2026-01-17,"wk inc flu hosp","quantile",0.9,2231.86678076633
"17",1,2026-01-24,2026-01-17,"wk inc flu hosp","quantile",0.975,2897.80133824696
"17",2,2026-01-31,2026-01-17,"wk inc flu hosp","quantile",0.025,600.677843154159
"17",2,2026-01-31,2026-01-17,"wk inc flu hosp","quantile",0.1,809.896996076588
"17",2,2026-01-31,2026-01-17,"wk inc flu hosp","quantile",0.25,1108.91051926299
"17",2,2026-01-31,2026-01-17,"wk inc flu hosp","quantile",0.5,1358.44654157129
"17",2,2026-01-31,2026-01-17,"wk inc flu hosp","quantile",0.75,1793.9923484305
"17",2,2026-01-31,2026-01-17,"wk inc flu hosp","quantile",0.9,2317.82804063654
"17",2,2026-01-31,2026-01-17,"wk inc flu hosp","quantile",0.975,3141.2777137796
"18",0,2026-01-17,2026-01-17,"wk inc flu hosp","quantile",0.025,431.965539949444
"18",0,2026-01-17,2026-01-17,"wk inc flu hosp","quantile",0.1,556.524942014321
"18",0,2026-01-17,2026-01-17,"wk inc flu hosp","quantile",0.25,673.210846675037
"18",0,2026-01-17,2026-01-17,"wk inc flu hosp","quantile",0.5,828.1077541521
"18",0,2026-01-17,2026-01-17,"wk inc flu hosp","quantile",0.75,945.959466980514
"18",0,2026-01-17,2026-01-17,"wk inc flu hosp","quantile",0.9,1102.54924306021
"18",0,2026-01-17,2026-01-17,"wk inc flu hosp","quantile",0.975,1439.38452745897
"18",1,2026-01-24,2026-01-17,"wk inc flu hosp","quantile",0.025,386.434152693355
"18",1,2026-01-24,2026-01-17,"wk inc flu hosp","quantile",0.1,518.107430275457
"18",1,2026-01-24,2026-01-17,"wk inc flu hosp","quantile",0.25,660.556437073322
"18",1,2026-01-24,2026-01-17,"wk inc flu hosp","quantile",0.5,786.564214589144
"18",1,2026-01-24,2026-01-17,"wk inc flu hosp","quantile",0.75,1003.6738580631
"18",1,2026-01-24,2026-01-17,"wk inc flu hosp","quantile",0.9,1186.35219815925
"18",1,2026-01-24,2026-01-17,"wk inc flu hosp","quantile",0.975,1620.35625250059
"18",2,2026-01-31,2026-01-17,"wk inc flu hosp","quantile",0.025,337.106962829256
"18",2,2026-01-31,2026-01-17,"wk inc flu hosp","quantile",0.1,426.788742856823
"18",2,2026-01-31,2026-01-17,"wk inc flu hosp","quantile",0.25,616.971491617301
"18",2,2026-01-31,2026-01-17,"wk inc flu hosp","quantile",0.5,735.800861125383
"18",2,2026-01-31,2026-01-17,"wk inc flu hosp","quantile",0.75,975.183581517202
"18",2,2026-01-31,2026-01-17,"wk inc flu hosp","quantile",0.9,1230.06856303585
"18",2,2026-01-31,2026-01-17,"wk inc flu hosp","quantile",0.975,1749.53113565383
"19",0,2026-01-17,2026-01-17,"wk inc flu hosp","quantile",0.025,181.524252765936
"19",0,2026-01-17,2026-01-17,"wk inc flu hosp","quantile",0.1,228.265973539257
"19",0,2026-01-17,2026-01-17,"wk inc flu hosp","quantile",0.25,287.114473445388
"19",0,2026-01-17,2026-01-17,"wk inc flu hosp","quantile",0.5,322.745310677139
"19",0,2026-01-17,2026-01-17,"wk inc flu hosp","quantile",0.75,379.171849795993
"19",0,2026-01-17,2026-01-17,"wk inc flu hosp","quantile",0.9,507.920892601668
"19",0,2026-01-17,2026-01-17,"wk inc flu hosp","quantile",0.975,629.898653916023
"19",1,2026-01-24,2026-01-17,"wk inc flu hosp","quantile",0.025,160.655536719919
"19",1,2026-01-24,2026-01-17,"wk inc flu hosp","quantile",0.1,217.278912079341
"19",1,2026-01-24,2026-01-17,"wk inc flu hosp","quantile",0.25,275.31790769381
"19",1,2026-01-24,2026-01-17,"wk inc flu hosp","quantile",0.5,309.709411719818
"19",1,2026-01-24,2026-01-17,"wk inc flu hosp","quantile",0.75,398.110262715737
"19",1,2026-01-24,2026-01-17,"wk inc flu hosp","quantile",0.9,540.111542555286
"19",1,2026-01-24,2026-01-17,"wk inc flu hosp","quantile",0.975,731.378507563968
"19",2,2026-01-31,2026-01-17,"wk inc flu hosp","quantile",0.025,139.937161169989
"19",2,2026-01-31,2026-01-17,"wk inc flu hosp","quantile",0.1,189.958862671082
"19",2,2026-01-31,2026-01-17,"wk inc flu hosp","quantile",0.25,268.075371968251
"19",2,2026-01-31,2026-01-17,"wk inc flu hosp","quantile",0.5,287.035274989802
"19",2,2026-01-31,2026-01-17,"wk inc flu hosp","quantile",0.75,406.538709260304
"19",2,2026-01-31,2026-01-17,"wk inc flu hosp","quantile",0.9,574.135994118653
"19",2,2026-01-31,2026-01-17,"wk inc flu hosp","quantile",0.975,796.796185440153
"20",0,2026-01-17,2026-01-17,"wk inc flu hosp","quantile",0.025,183.263801445723
"20",0,2026-01-17,2026-01-17,"wk inc flu hosp","quantile",0.1,232.63287036403
"20",0,2026-01-17,2026-01-17,"wk inc flu hosp","quantile",0.25,294.741222440711
"20",0,2026-01-17,2026-01-17,"wk inc flu hosp","quantile",0.5,320.86667943331
"20",0,2026-01-17,2026-01-17,"wk inc flu hosp","quantile",0.75,398.383009152851
"20",0,2026-01-17,2026-01-17,"wk inc flu hosp","quantile",0.9,498.910145689525
"20",0,2026-01-17,2026-01-17,"wk inc flu hosp","quantile",0.975,594.184749989683
"20",1,2026-01-24,2026-01-17,"wk inc flu hosp","quantile",0.025,159.551202036017
"20",1,2026-01-24,2026-01-17,"wk inc flu hosp","quantile",0.1,218.586687010319
"20",1,2026-01-24,2026-01-17,"wk inc flu hosp","quantile",0.25,296.618784170963
"20",1,2026-01-24,2026-01-17,"wk inc flu hosp","quantile",0.5,311.572985480559
"20",1,2026-01-24,2026-01-17,"wk inc flu hosp","quantile",0.75,415.588681324973
"20",1,2026-01-24,2026-01-17,"wk inc flu hosp","quantile",0.9,528.02038720156
"20",1,2026-01-24,2026-01-17,"wk inc flu hosp","quantile",0.975,657.834462887723
"20",2,2026-01-31,2026-01-17,"wk inc flu hosp","quantile",0.025,142.560627810461
"20",2,2026-01-31,2026-01-17,"wk inc flu hosp","quantile",0.1,194.217356799992
"20",2,2026-01-31,2026-01-17,"wk inc flu hosp","quantile",0.25,273.16901101424
"20",2,2026-01-31,2026-01-17,"wk inc flu hosp","quantile",0.5,305.882132666601
"20",2,2026-01-31,2026-01-17,"wk inc flu hosp","quantile",0.75,435.055141935864
"20",2,2026-01-31,2026-01-17,"wk inc flu hosp","quantile",0.9,567.992227146622
"20",2,2026-01-31,2026-01-17,"wk inc flu hosp","quantile",0.975,729.318816598474
"21",0,2026-01-17,2026-01-17,"wk inc flu hosp","quantile",0.025,247.803333546468
"21",0,2026-01-17,2026-01-17,"wk inc flu hosp","quantile",0.1,320.998466936067
"21",0,2026-01-17,2026-01-17,"wk inc flu hosp","quantile",0.25,412.281638457681
"21",0,2026-01-17,2026-01-17,"wk inc flu hosp","quantile",0.5,511.31971898393
"21",0,2026-01-17,2026-01-17,"wk inc flu hosp","quantile",0.75,597.8940904171
"21",0,2026-01-17,2026-01-17,"wk inc flu hosp","quantile",0.9,674.335490916507
"21",0,2026-01-17,2026-01-17,"wk inc flu hosp","quantile",0.975,866.883051340585
"21",1,2026-01-24,2026-01-17,"wk inc flu hosp","quantile",0.025,218.929012999121
"21",1,2026-01-24,2026-01-17,"wk inc flu hosp","quantile",0.1,292.30769224132
"21",1,2026-01-24,2026-01-17,"wk inc flu hosp","quantile",0.25,411.210538381055
"21",1,2026-01-24,2026-01-17,"wk inc flu hosp","quantile",0.5,466.382259547104
"21",1,2026-01-24,2026-01-17,"wk inc flu hosp","quantile",0.75,632.348647472533
"21",1,2026-01-24,2026-01-17,"wk inc flu hosp","quantile",0.9,717.992697096576
"21",1,2026-01-24,2026-01-17,"wk inc flu hosp","quantile",0.975,1010.10656685343
"21",2,2026-01-31,2026-01-17,"wk inc flu hosp","quantile",0.025,183.553326913461
"21",2,2026-01-31,2026-01-17,"wk inc flu hosp","quantile",0.1,255.045247848615
"21",2,2026-01-31,2026-01-17,"wk inc flu hosp","quantile",0.25,355.776405470518
"21",2,2026-01-31,2026-01-17,"wk inc flu hosp","quantile",0.5,418.150671255759
"21",2,2026-01-31,2026-01-17,"wk inc flu hosp","quantile",0.75,605.48953123623
"21",2,2026-01-31,2026-01-17,"wk inc flu hosp","quantile",0.9,763.015446001989
"21",2,2026-01-31,2026-01-17,"wk inc flu hosp","quantile",0.975,1133.86185931203
"22",0,2026-01-17,2026-01-17,"wk inc flu hosp","quantile",0.025,306.365953062967
"22",0,2026-01-17,2026-01-17,"wk inc flu hosp","quantile",0.1,371.906846638038
"22",0,2026-01-17,2026-01-17,"wk inc flu hosp","quantile",0.25,470.299266927669
"22",0,2026-01-17,2026-01-17,"wk inc flu hosp","quantile",0.5,545.266685300673
"22",0,2026-01-17,2026-01-17,"wk inc flu hosp","quantile",0.75,637.512262061956
"22",0,2026-01-17,2026-01-17,"wk inc flu hosp","quantile",0.9,714.586446438949
"22",0,2026-01-17,2026-01-17,"wk inc flu hosp","quantile",0.975,928.665360818848
"22",1,2026-01-24,2026-01-17,"wk inc flu hosp","quantile",0.025,248.129965016065
"22",1,2026-01-24,2026-01-17,"wk inc flu hosp","quantile",0.1,307.367641439483
"22",1,2026-01-24,2026-01-17,"wk inc flu hosp","quantile",0.25,374.799260905907
"22",1,2026-01-24,2026-01-17,"wk inc flu hosp","quantile",0.5,444.300744976707
"22",1,2026-01-24,2026-01-17,"wk inc flu hosp","quantile",0.75,628.776669302483
"22",1,2026-01-24,2026-01-17,"wk inc flu hosp","quantile",0.9,673.693607939088
"22",1,2026-01-24,2026-01-17,"wk inc flu hosp","quantile",0.975,1041.3888743882
"22",2,2026-01-31,2026-01-17,"wk inc flu hosp","quantile",0.025,188.772071118153
"22",2,2026-01-31,2026-01-17,"wk inc flu hosp","quantile",0.1,241.781005134761
"22",2,2026-01-31,2026-01-17,"wk inc flu hosp","quantile",0.25,301.303840750504
"22",2,2026-01-31,2026-01-17,"wk inc flu hosp","quantile",0.5,392.62312811839
"22",2,2026-01-31,2026-01-17,"wk inc flu hosp","quantile",0.75,581.92895224232
"22",2,2026-01-31,2026-01-17,"wk inc flu hosp","quantile",0.9,660.650729103093
"22",2,2026-01-31,2026-01-17,"wk inc flu hosp","quantile",0.975,1093.60811422947
"23",0,2026-01-17,2026-01-17,"wk inc flu hosp","quantile",0.025,113.269772386771
"23",0,2026-01-17,2026-01-17,"wk inc flu hosp","quantile",0.1,150.679175864289
"23",0,2026-01-17,2026-01-17,"wk inc flu hosp","quantile",0.25,181.481726523561
"23",0,2026-01-17,2026-01-17,"wk inc flu hosp","quantile",0.5,213.183631595002
"23",0,2026-01-17,2026-01-17,"wk inc flu hosp","quantile",0.75,277.467994850145
"23",0,2026-01-17,2026-01-17,"wk inc flu hosp","quantile",0.9,334.233153424391
"23",0,2026-01-17,2026-01-17,"wk inc flu hosp","quantile",0.975,422.50786363003
"23",1,2026-01-24,2026-01-17,"wk inc flu hosp","quantile",0.025,92.4141770081883
"23",1,2026-01-24,2026-01-17,"wk inc flu hosp","quantile",0.1,137.510395533081
"23",1,2026-01-24,2026-01-17,"wk inc flu hosp","quantile",0.25,170.678020907122
"23",1,2026-01-24,2026-01-17,"wk inc flu hosp","quantile",0.5,204.812070545937
"23",1,2026-01-24,2026-01-17,"wk inc flu hosp","quantile",0.75,298.484991271919
"23",1,2026-01-24,2026-01-17,"wk inc flu hosp","quantile",0.9,365.430562204518
"23",1,2026-01-24,2026-01-17,"wk inc flu hosp","quantile",0.975,496.604889670846
"23",2,2026-01-31,2026-01-17,"wk inc flu hosp","quantile",0.025,77.5724277269981
"23",2,2026-01-31,2026-01-17,"wk inc flu hosp","quantile",0.1,118.304408071659
"23",2,2026-01-31,2026-01-17,"wk inc flu hosp","quantile",0.25,155.354043705377
"23",2,2026-01-31,2026-01-17,"wk inc flu hosp","quantile",0.5,190.845431063848
"23",2,2026-01-31,2026-01-17,"wk inc flu hosp","quantile",0.75,276.422659404539
"23",2,2026-01-31,2026-01-17,"wk inc flu hosp","quantile",0.9,371.885411066091
"23",2,2026-01-31,2026-01-17,"wk inc flu hosp","quantile",0.975,504.635999224577
"24",0,2026-01-17,2026-01-17,"wk inc flu hosp","quantile",0.025,331.970913893261
"24",0,2026-01-17,2026-01-17,"wk inc flu hosp","quantile",0.1,384.977975121913
"24",0,2026-01-17,2026-01-17,"wk inc flu hosp","quantile",0.25,477.377570455481
"24",0,2026-01-17,2026-01-17,"wk inc flu hosp","quantile",0.5,552.064236617471
"24",0,2026-01-17,2026-01-17,"wk inc flu hosp","quantile",0.75,661.912700799208
"24",0,2026-01-17,2026-01-17,"wk inc flu hosp","quantile",0.9,779.715391890692
"24",0,2026-01-17,2026-01-17,"wk inc flu hosp","quantile",0.975,1059.03002296273
"24",1,2026-01-24,2026-01-17,"wk inc flu hosp","quantile",0.025,262.027764541078
"24",1,2026-01-24,2026-01-17,"wk inc flu hosp","quantile",0.1,277.293899161842
"24",1,2026-01-24,2026-01-17,"wk inc flu hosp","quantile",0.25,385.077738833315
"24",1,2026-01-24,2026-01-17,"wk inc flu hosp","quantile",0.5,424.563340409233
"24",1,2026-01-24,2026-01-17,"wk inc flu hosp","quantile",0.75,640.762773990992
"24",1,2026-01-24,2026-01-17,"wk inc flu hosp","quantile",0.9,735.060737032025
"24",1,2026-01-24,2026-01-17,"wk inc flu hosp","quantile",0.975,1217.97265796406
"24",2,2026-01-31,2026-01-17,"wk inc flu hosp","quantile",0.025,199.583895904799
"24",2,2026-01-31,2026-01-17,"wk inc flu hosp","quantile",0.1,217.550803836912
"24",2,2026-01-31,2026-01-17,"wk inc flu hosp","quantile",0.25,315.237072564874
"24",2,2026-01-31,2026-01-17,"wk inc flu hosp","quantile",0.5,384.970338918794
"24",2,2026-01-31,2026-01-17,"wk inc flu hosp","quantile",0.75,574.018428265704
"24",2,2026-01-31,2026-01-17,"wk inc flu hosp","quantile",0.9,723.843577318933
"24",2,2026-01-31,2026-01-17,"wk inc flu hosp","quantile",0.975,1276.03819208373
"25",0,2026-01-17,2026-01-17,"wk inc flu hosp","quantile",0.025,559.980381656735
"25",0,2026-01-17,2026-01-17,"wk inc flu hosp","quantile",0.1,733.774037697136
"25",0,2026-01-17,2026-01-17,"wk inc flu hosp","quantile",0.25,902.682591808911
"25",0,2026-01-17,2026-01-17,"wk inc flu hosp","quantile",0.5,1047.73472490495
"25",0,2026-01-17,2026-01-17,"wk inc flu hosp","quantile",0.75,1297.45702918249
"25",0,2026-01-17,2026-01-17,"wk inc flu hosp","quantile",0.9,1546.31801241177
"25",0,2026-01-17,2026-01-17,"wk inc flu hosp","quantile",0.975,2038.50127854936
"25",1,2026-01-24,2026-01-17,"wk inc flu hosp","quantile",0.025,470.146035644668
"25",1,2026-01-24,2026-01-17,"wk inc flu hosp","quantile",0.1,656.619143458958
"25",1,2026-01-24,2026-01-17,"wk inc flu hosp","quantile",0.25,845.983412680003
"25",1,2026-01-24,2026-01-17,"wk inc flu hosp","quantile",0.5,1034.37444213658
"25",1,2026-01-24,2026-01-17,"wk inc flu hosp","quantile",0.75,1292.20489980839
"25",1,2026-01-24,2026-01-17,"wk inc flu hosp","quantile",0.9,1651.4256470775
"25",1,2026-01-24,2026-01-17,"wk inc flu hosp","quantile",0.975,2382.82781925714
"25",2,2026-01-31,2026-01-17,"wk inc flu hosp","quantile",0.025,376.955430596382
"25",2,2026-01-31,2026-01-17,"wk inc flu hosp","quantile",0.1,537.376815820646
"25",2,2026-01-31,2026-01-17,"wk inc flu hosp","quantile",0.25,796.687673201631
"25",2,2026-01-31,2026-01-17,"wk inc flu hosp","quantile",0.5,1002.09108215274
"25",2,2026-01-31,2026-01-17,"wk inc flu hosp","quantile",0.75,1232.60728628795
"25",2,2026-01-31,2026-01-17,"wk inc flu hosp","quantile",0.9,1714.57040548863
"25",2,2026-01-31,2026-01-17,"wk inc flu hosp","quantile",0.975,2454.14268286602
"26",0,2026-01-17,2026-01-17,"wk inc flu hosp","quantile",0.025,642.191696705796
"26",0,2026-01-17,2026-01-17,"wk inc flu hosp","quantile",0.1,854.685307171082
"26",0,2026-01-17,2026-01-17,"wk inc flu hosp","quantile",0.25,1030.78045783052
"26",0,2026-01-17,2026-01-17,"wk inc flu hosp","quantile",0.5,1144.11284316394
"26",0,2026-01-17,2026-01-17,"wk inc flu hosp","quantile",0.75,1445.96168739802
"26",0,2026-01-17,2026-01-17,"wk inc flu hosp","quantile",0.9,1831.19227143492
"26",0,2026-01-17,2026-01-17,"wk inc flu hosp","quantile",0.975,2263.04889742486
"26",1,2026-01-24,2026-01-17,"wk inc flu hosp","quantile",0.025,573.392081231696
"26",1,2026-01-24,2026-01-17,"wk inc flu hosp","quantile",0.1,834.735653165873
"26",1,2026-01-24,2026-01-17,"wk inc flu hosp","quantile",0.25,1010.33982534097
"26",1,2026-01-24,2026-01-17,"wk inc flu hosp","quantile",0.5,1167.02792059846
"26",1,2026-01-24,2026-01-17,"wk inc flu hosp","quantile",0.75,1491.63022288682
"26",1,2026-01-24,2026-01-17,"wk inc flu hosp","quantile",0.9,1978.94957666301
"26",1,2026-01-24,2026-01-17,"wk inc flu hosp","quantile",0.975,2611.48783886644
"26",2,2026-01-31,2026-01-17,"wk inc flu hosp","quantile",0.025,491.068275397283
"26",2,2026-01-31,2026-01-17,"wk inc flu hosp","quantile",0.1,725.919542650758
"26",2,2026-01-31,2026-01-17,"wk inc flu hosp","quantile",0.25,958.691631562141
"26",2,2026-01-31,2026-01-17,"wk inc flu hosp","quantile",0.5,1106.32051981812
"26",2,2026-01-31,2026-01-17,"wk inc flu hosp","quantile",0.75,1518.4302784267
"26",2,2026-01-31,2026-01-17,"wk inc flu hosp","quantile",0.9,2012.41273857785
"26",2,2026-01-31,2026-01-17,"wk inc flu hosp","quantile",0.975,2909.4805224927
"27",0,2026-01-17,2026-01-17,"wk inc flu hosp","quantile",0.025,505.54038718967
"27",0,2026-01-17,2026-01-17,"wk inc flu hosp","quantile",0.1,612.303139928288
"27",0,2026-01-17,2026-01-17,"wk inc flu hosp","quantile",0.25,768.461743493066
"27",0,2026-01-17,2026-01-17,"wk inc flu hosp","quantile",0.5,867.795800543634
"27",0,2026-01-17,2026-01-17,"wk inc flu hosp","quantile",0.75,1165.02610834907
"27",0,2026-01-17,2026-01-17,"wk inc flu hosp","quantile",0.9,1436.34411098654
"27",0,2026-01-17,2026-01-17,"wk inc flu hosp","quantile",0.975,1780.15010442844
"27",1,2026-01-24,2026-01-17,"wk inc flu hosp","quantile",0.025,360.462219306171
"27",1,2026-01-24,2026-01-17,"wk inc flu hosp","quantile",0.1,447.252356700255
"27",1,2026-01-24,2026-01-17,"wk inc flu hosp","quantile",0.25,643.52029759038
"27",1,2026-01-24,2026-01-17,"wk inc flu hosp","quantile",0.5,745.369562807529
"27",1,2026-01-24,2026-01-17,"wk inc flu hosp","quantile",0.75,1097.02114452847
"27",1,2026-01-24,2026-01-17,"wk inc flu hosp","quantile",0.9,1451.14155858603
"27",1,2026-01-24,2026-01-17,"wk inc flu hosp","quantile",0.975,2085.67335406219
"27",2,2026-01-31,2026-01-17,"wk inc flu hosp","quantile",0.025,272.778055655818
"27",2,2026-01-31,2026-01-17,"wk inc flu hosp","quantile",0.1,362.549238230347
"27",2,2026-01-31,2026-01-17,"wk inc flu hosp","quantile",0.25,524.254345046394
"27",2,2026-01-31,2026-01-17,"wk inc flu hosp","quantile",0.5,690.310275111891
"27",2,2026-01-31,2026-01-17,"wk inc flu hosp","quantile",0.75,1028.67433283039
"27",2,2026-01-31,2026-01-17,"wk inc flu hosp","quantile",0.9,1422.68825412399
"27",2,2026-01-31,2026-01-17,"wk inc flu hosp","quantile",0.975,2191.20861609773
"28",0,2026-01-17,2026-01-17,"wk inc flu hosp","quantile",0.025,121.357812389208
"28",0,2026-01-17,2026-01-17,"wk inc flu hosp","quantile",0.1,152.437756424906
"28",0,2026-01-17,2026-01-17,"wk inc flu hosp","quantile",0.25,191.447876016329
"28",0,2026-01-17,2026-01-17,"wk inc flu hosp","quantile",0.5,212.594710588174
"28",0,2026-01-17,2026-01-17,"wk inc flu hosp","quantile",0.75,263.289823421885
"28",0,2026-01-17,2026-01-17,"wk inc flu hosp","quantile",0.9,299.93881847831
"28",0,2026-01-17,2026-01-17,"wk inc flu hosp","quantile",0.975,387.89809428307
"28",1,2026-01-24,2026-01-17,"wk inc flu hosp","quantile",0.025,112.560321920554
"28",1,2026-01-24,2026-01-17,"wk inc flu hosp","quantile",0.1,137.267706815651
"28",1,2026-01-24,2026-01-17,"wk inc flu hosp","quantile",0.25,175.262889122329
"28",1,2026-01-24,2026-01-17,"wk inc flu hosp","quantile",0.5,190.416015464538
"28",1,2026-01-24,2026-01-17,"wk inc flu hosp","quantile",0.75,256.02223976795
"28",1,2026-01-24,2026-01-17,"wk inc flu hosp","quantile",0.9,321.645119697151
"28",1,2026-01-24,2026-01-17,"wk inc flu hosp","quantile",0.975,451.715927736456
"28",2,2026-01-31,2026-01-17,"wk inc flu hosp","quantile",0.025,96.3717657348736
"28",2,2026-01-31,2026-01-17,"wk inc flu hosp","quantile",0.1,122.091574656551
"28",2,2026-01-31,2026-01-17,"wk inc flu hosp","quantile",0.25,157.548281332145
"28",2,2026-01-31,2026-01-17,"wk inc flu hosp","quantile",0.5,162.17491573351
"28",2,2026-01-31,2026-01-17,"wk inc flu hosp","quantile",0.75,251.332985008422
"28",2,2026-01-31,2026-01-17,"wk inc flu hosp","quantile",0.9,329.210569070172
"28",2,2026-01-31,2026-01-17,"wk inc flu hosp","quantile",0.975,465.821555318856
"29",0,2026-01-17,2026-01-17,"wk inc flu hosp","quantile",0.025,385.143463712111
"29",0,2026-01-17,2026-01-17,"wk inc flu hosp","quantile",0.1,510.818760059048
"29",0,2026-01-17,2026-01-17,"wk inc flu hosp","quantile",0.25,620.802283876425
"29",0,2026-01-17,2026-01-17,"wk inc flu hosp","quantile",0.5,764.136123594425
"29",0,2026-01-17,2026-01-17,"wk inc flu hosp","quantile",0.75,888.008620823928
"29",0,2026-01-17,2026-01-17,"wk inc flu hosp","quantile",0.9,1169.51116250455
"29",0,2026-01-17,2026-01-17,"wk inc flu hosp","quantile",0.975,1300.62971298714
"29",1,2026-01-24,2026-01-17,"wk inc flu hosp","quantile",0.025,346.082131832851
"29",1,2026-01-24,2026-01-17,"wk inc flu hosp","quantile",0.1,477.566051796365
"29",1,2026-01-24,2026-01-17,"wk inc flu hosp","quantile",0.25,611.669788237377
"29",1,2026-01-24,2026-01-17,"wk inc flu hosp","quantile",0.5,744.890742212517
"29",1,2026-01-24,2026-01-17,"wk inc flu hosp","quantile",0.75,949.462460506886
"29",1,2026-01-24,2026-01-17,"wk inc flu hosp","quantile",0.9,1221.55015805556
"29",1,2026-01-24,2026-01-17,"wk inc flu hosp","quantile",0.975,1488.32464311756
"29",2,2026-01-31,2026-01-17,"wk inc flu hosp","quantile",0.025,303.506538775691
"29",2,2026-01-31,2026-01-17,"wk inc flu hosp","quantile",0.1,439.397280489356
"29",2,2026-01-31,2026-01-17,"wk inc flu hosp","quantile",0.25,570.693731011795
"29",2,2026-01-31,2026-01-17,"wk inc flu hosp","quantile",0.5,693.199059843965
"29",2,2026-01-31,2026-01-17,"wk inc flu hosp","quantile",0.75,949.603731519977
"29",2,2026-01-31,2026-01-17,"wk inc flu hosp","quantile",0.9,1269.46049908908
"29",2,2026-01-31,2026-01-17,"wk inc flu hosp","quantile",0.975,1642.26674501285
"30",0,2026-01-17,2026-01-17,"wk inc flu hosp","quantile",0.025,76.1768215152927
"30",0,2026-01-17,2026-01-17,"wk inc flu hosp","quantile",0.1,104.203126652928
"30",0,2026-01-17,2026-01-17,"wk inc flu hosp","quantile",0.25,124.538805463838
"30",0,2026-01-17,2026-01-17,"wk inc flu hosp","quantile",0.5,141.936891025111
"30",0,2026-01-17,2026-01-17,"wk inc flu hosp","quantile",0.75,181.791531314594
"30",0,2026-01-17,2026-01-17,"wk inc flu hosp","quantile",0.9,233.30179933477
"30",0,2026-01-17,2026-01-17,"wk inc flu hosp","quantile",0.975,295.936751855846
"30",1,2026-01-24,2026-01-17,"wk inc flu hosp","quantile",0.025,63.1699703039128
"30",1,2026-01-24,2026-01-17,"wk inc flu hosp","quantile",0.1,96.0341679195858
"30",1,2026-01-24,2026-01-17,"wk inc flu hosp","quantile",0.25,112.787857900428
"30",1,2026-01-24,2026-01-17,"wk inc flu hosp","quantile",0.5,137.89933842222
"30",1,2026-01-24,2026-01-17,"wk inc flu hosp","quantile",0.75,196.770443267057
"30",1,2026-01-24,2026-01-17,"wk inc flu hosp","quantile",0.9,235.922897761749
"30",1,2026-01-24,2026-01-17,"wk inc flu hosp","quantile",0.975,349.225091189912
"30",2,2026-01-31,2026-01-17,"wk inc flu hosp","quantile",0.025,56.8999906636417
"30",2,2026-01-31,2026-01-17,"wk inc flu hosp","quantile",0.1,80.0873970214481
"30",2,2026-01-31,2026-01-17,"wk inc flu hosp","quantile",0.25,107.999409839076
"30",2,2026-01-31,2026-01-17,"wk inc flu hosp","quantile",0.5,138.72325054202
"30",2,2026-01-31,2026-01-17,"wk inc flu hosp","quantile",0.75,192.217133956086
"30",2,2026-01-31,2026-01-17,"wk inc flu hosp","quantile",0.9,246.862996125176
"30",2,2026-01-31,2026-01-17,"wk inc flu hosp","quantile",0.975,365.264893041931
"31",0,2026-01-17,2026-01-17,"wk inc flu hosp","quantile",0.025,95.7257537950301
"31",0,2026-01-17,2026-01-17,"wk inc flu hosp","quantile",0.1,138.956018904392
"31",0,2026-01-17,2026-01-17,"wk inc flu hosp","quantile",0.25,168.77037184196
"31",0,2026-01-17,2026-01-17,"wk inc flu hosp","quantile",0.5,189.866246119888
"31",0,2026-01-17,2026-01-17,"wk inc flu hosp","quantile",0.75,224.949522339533
"31",0,2026-01-17,2026-01-17,"wk inc flu hosp","quantile",0.9,284.525232679188
"31",0,2026-01-17,2026-01-17,"wk inc flu hosp","quantile",0.975,381.240909490081
"31",1,2026-01-24,2026-01-17,"wk inc flu hosp","quantile",0.025,82.2655218395644
"31",1,2026-01-24,2026-01-17,"wk inc flu hosp","quantile",0.1,129.401720589971
"31",1,2026-01-24,2026-01-17,"wk inc flu hosp","quantile",0.25,162.527169865835
"31",1,2026-01-24,2026-01-17,"wk inc flu hosp","quantile",0.5,189.733367615893
"31",1,2026-01-24,2026-01-17,"wk inc flu hosp","quantile",0.75,235.636996545074
"31",1,2026-01-24,2026-01-17,"wk inc flu hosp","quantile",0.9,297.38330634328
"31",1,2026-01-24,2026-01-17,"wk inc flu hosp","quantile",0.975,444.515928082685
"31",2,2026-01-31,2026-01-17,"wk inc flu hosp","quantile",0.025,70.766671822276
"31",2,2026-01-31,2026-01-17,"wk inc flu hosp","quantile",0.1,114.568433503601
"31",2,2026-01-31,2026-01-17,"wk inc flu hosp","quantile",0.25,157.057244018491
"31",2,2026-01-31,2026-01-17,"wk inc flu hosp","quantile",0.5,182.516809023797
"31",2,2026-01-31,2026-01-17,"wk inc flu hosp","quantile",0.75,237.933972631994
"31",2,2026-01-31,2026-01-17,"wk inc flu hosp","quantile",0.9,310.705147800656
"31",2,2026-01-31,2026-01-17,"wk inc flu hosp","quantile",0.975,467.012856429884
"32",0,2026-01-17,2026-01-17,"wk inc flu hosp","quantile",0.025,126.7855602313
"32",0,2026-01-17,2026-01-17,"wk inc flu hosp","quantile",0.1,166.944731414809
"32",0,2026-01-17,2026-01-17,"wk inc flu hosp","quantile",0.25,205.72405459711
"32",0,2026-01-17,2026-01-17,"wk inc flu hosp","quantile",0.5,235.958978067208
"32",0,2026-01-17,2026-01-17,"wk inc flu hosp","quantile",0.75,301.555258395923
"32",0,2026-01-17,2026-01-17,"wk inc flu hosp","quantile",0.9,358.802507713428
"32",0,2026-01-17,2026-01-17,"wk inc flu hosp","quantile",0.975,502.348306755306
"32",1,2026-01-24,2026-01-17,"wk inc flu hosp","quantile",0.025,112.257337975982
"32",1,2026-01-24,2026-01-17,"wk inc flu hosp","quantile",0.1,147.91881307101
"32",1,2026-01-24,2026-01-17,"wk inc flu hosp","quantile",0.25,193.452940312999
"32",1,2026-01-24,2026-01-17,"wk inc flu hosp","quantile",0.5,226.259377352332
"32",1,2026-01-24,2026-01-17,"wk inc flu hosp","quantile",0.75,299.132640678709
"32",1,2026-01-24,2026-01-17,"wk inc flu hosp","quantile",0.9,390.701883279821
"32",1,2026-01-24,2026-01-17,"wk inc flu hosp","quantile",0.975,583.451068572053
"32",2,2026-01-31,2026-01-17,"wk inc flu hosp","quantile",0.025,95.7378554018964
"32",2,2026-01-31,2026-01-17,"wk inc flu hosp","quantile",0.1,127.355456001036
"32",2,2026-01-31,2026-01-17,"wk inc flu hosp","quantile",0.25,180.915726942653
"32",2,2026-01-31,2026-01-17,"wk inc flu hosp","quantile",0.5,215.52028737719
"32",2,2026-01-31,2026-01-17,"wk inc flu hosp","quantile",0.75,307.609465467135
"32",2,2026-01-31,2026-01-17,"wk inc flu hosp","quantile",0.9,416.787791511947
"32",2,2026-01-31,2026-01-17,"wk inc flu hosp","quantile",0.975,607.863610082463
"33",0,2026-01-17,2026-01-17,"wk inc flu hosp","quantile",0.025,99.560938457296
"33",0,2026-01-17,2026-01-17,"wk inc flu hosp","quantile",0.1,126.564255525355
"33",0,2026-01-17,2026-01-17,"wk inc flu hosp","quantile",0.25,154.698513848006
"33",0,2026-01-17,2026-01-17,"wk inc flu hosp","quantile",0.5,179.154094810423
"33",0,2026-01-17,2026-01-17,"wk inc flu hosp","quantile",0.75,251.575485417403
"33",0,2026-01-17,2026-01-17,"wk inc flu hosp","quantile",0.9,321.40600803804
"33",0,2026-01-17,2026-01-17,"wk inc flu hosp","quantile",0.975,391.66736356896
"33",1,2026-01-24,2026-01-17,"wk inc flu hosp","quantile",0.025,76.6364879575845
"33",1,2026-01-24,2026-01-17,"wk inc flu hosp","quantile",0.1,100.183754425543
"33",1,2026-01-24,2026-01-17,"wk inc flu hosp","quantile",0.25,131.406723597714
"33",1,2026-01-24,2026-01-17,"wk inc flu hosp","quantile",0.5,158.339010687683
"33",1,2026-01-24,2026-01-17,"wk inc flu hosp","quantile",0.75,243.797436291766
"33",1,2026-01-24,2026-01-17,"wk inc flu hosp","quantile",0.9,326.335640907778
"33",1,2026-01-24,2026-01-17,"wk inc flu hosp","quantile",0.975,435.327776432925
"33",2,2026-01-31,2026-01-17,"wk inc flu hosp","quantile",0.025,57.9921255353926
"33",2,2026-01-31,2026-01-17,"wk inc flu hosp","quantile",0.1,73.6697619093141
"33",2,2026-01-31,2026-01-17,"wk inc flu hosp","quantile",0.25,108.33472116337
"33",2,2026-01-31,2026-01-17,"wk inc flu hosp","quantile",0.5,147.814984812338
"33",2,2026-01-31,2026-01-17,"wk inc flu hosp","quantile",0.75,233.130038542576
"33",2,2026-01-31,2026-01-17,"wk inc flu hosp","quantile",0.9,318.760179071219
"33",2,2026-01-31,2026-01-17,"wk inc flu hosp","quantile",0.975,451.91339267128
"34",0,2026-01-17,2026-01-17,"wk inc flu hosp","quantile",0.025,783.216185986001
"34",0,2026-01-17,2026-01-17,"wk inc flu hosp","quantile",0.1,936.83351558945
"34",0,2026-01-17,2026-01-17,"wk inc flu hosp","quantile",0.25,1171.38532760924
"34",0,2026-01-17,2026-01-17,"wk inc flu hosp","quantile",0.5,1430.19624281102
"34",0,2026-01-17,2026-01-17,"wk inc flu hosp","quantile",0.75,1853.13285398056
"34",0,2026-01-17,2026-01-17,"wk inc flu hosp","quantile",0.9,2065.11637677971
"34",0,2026-01-17,2026-01-17,"wk inc flu hosp","quantile",0.975,2433.11422207469
"34",1,2026-01-24,2026-01-17,"wk inc flu hosp","quantile",0.025,601.155220011188
"34",1,2026-01-24,2026-01-17,"wk inc flu hosp","quantile",0.1,758.625721409122
"34",1,2026-01-24,2026-01-17,"wk inc flu hosp","quantile",0.25,1000.95386692611
"34",1,2026-01-24,2026-01-17,"wk inc flu hosp","quantile",0.5,1254.91057325466
"34",1,2026-01-24,2026-01-17,"wk inc flu hosp","quantile",0.75,1810.28530523865
"34",1,2026-01-24,2026-01-17,"wk inc flu hosp","quantile",0.9,2065.76727455227
"34",1,2026-01-24,2026-01-17,"wk inc flu hosp","quantile",0.975,2796.46243321491
"34",2,2026-01-31,2026-01-17,"wk inc flu hosp","quantile",0.025,406.725554228285
"34",2,2026-01-31,2026-01-17,"wk inc flu hosp","quantile",0.1,603.296786273561
"34",2,2026-01-31,2026-01-17,"wk inc flu hosp","quantile",0.25,779.709457450221
"34",2,2026-01-31,2026-01-17,"wk inc flu hosp","quantile",0.5,1065.3956525734
"34",2,2026-01-31,2026-01-17,"wk inc flu hosp","quantile",0.75,1659.69559014063
"34",2,2026-01-31,2026-01-17,"wk inc flu hosp","quantile",0.9,2027.47480723242
"34",2,2026-01-31,2026-01-17,"wk inc flu hosp","quantile",0.975,2936.34751547208
"35",0,2026-01-17,2026-01-17,"wk inc flu hosp","quantile",0.025,175.6206472632
"35",0,2026-01-17,2026-01-17,"wk inc flu hosp","quantile",0.1,230.363201805526
"35",0,2026-01-17,2026-01-17,"wk inc flu hosp","quantile",0.25,293.614364127331
"35",0,2026-01-17,2026-01-17,"wk inc flu hosp","quantile",0.5,306.609433851869
"35",0,2026-01-17,2026-01-17,"wk inc flu hosp","quantile",0.75,435.003787757683
"35",0,2026-01-17,2026-01-17,"wk inc flu hosp","quantile",0.9,503.519208848289
"35",0,2026-01-17,2026-01-17,"wk inc flu hosp","quantile",0.975,576.238422992613
"35",1,2026-01-24,2026-01-17,"wk inc flu hosp","quantile",0.025,141.014780812644
"35",1,2026-01-24,2026-01-17,"wk inc flu hosp","quantile",0.1,179.787580610225
"35",1,2026-01-24,2026-01-17,"wk inc flu hosp","quantile",0.25,264.672230830807
"35",1,2026-01-24,2026-01-17,"wk inc flu hosp","quantile",0.5,321.494166010422
"35",1,2026-01-24,2026-01-17,"wk inc flu hosp","quantile",0.75,438.229022421997
"35",1,2026-01-24,2026-01-17,"wk inc flu hosp","quantile",0.9,507.310627482351
"35",1,2026-01-24,2026-01-17,"wk inc flu hosp","quantile",0.975,645.541626214279
"35",2,2026-01-31,2026-01-17,"wk inc flu hosp","quantile",0.025,117.240168120333
"35",2,2026-01-31,2026-01-17,"wk inc flu hosp","quantile",0.1,158.057037611811
"35",2,2026-01-31,2026-01-17,"wk inc flu hosp","quantile",0.25,240.084949100141
"35",2,2026-01-31,2026-01-17,"wk inc flu hosp","quantile",0.5,292.989521993293
"35",2,2026-01-31,2026-01-17,"wk inc flu hosp","quantile",0.75,431.718121473351
"35",2,2026-01-31,2026-01-17,"wk inc flu hosp","quantile",0.9,529.661054860649
"35",2,2026-01-31,2026-01-17,"wk inc flu hosp","quantile",0.975,702.576536120746
"36",0,2026-01-17,2026-01-17,"wk inc flu hosp","quantile",0.025,1461.07966186061
"36",0,2026-01-17,2026-01-17,"wk inc flu hosp","quantile",0.1,1780.85805585169
"36",0,2026-01-17,2026-01-17,"wk inc flu hosp","quantile",0.25,2353.62027403666
"36",0,2026-01-17,2026-01-17,"wk inc flu hosp","quantile",0.5,2802.04808522248
"36",0,2026-01-17,2026-01-17,"wk inc flu hosp","quantile",0.75,3310.50009805476
"36",0,2026-01-17,2026-01-17,"wk inc flu hosp","quantile",0.9,3912.8302297085
"36",0,2026-01-17,2026-01-17,"wk inc flu hosp","quantile",0.975,5447.64125258431
"36",1,2026-01-24,2026-01-17,"wk inc flu hosp","quantile",0.025,1000.57491925026
"36",1,2026-01-24,2026-01-17,"wk inc flu hosp","quantile",0.1,1267.96628482216
"36",1,2026-01-24,2026-01-17,"wk inc flu hosp","quantile",0.25,1891.03950816492
"36",1,2026-01-24,2026-01-17,"wk inc flu hosp","quantile",0.5,2184.71078242722
"36",1,2026-01-24,2026-01-17,"wk inc flu hosp","quantile",0.75,2963.22925948469
"36",1,2026-01-24,2026-01-17,"wk inc flu hosp","quantile",0.9,3798.19034274776
"36",1,2026-01-24,2026-01-17,"wk inc flu hosp","quantile",0.975,5968.83988383083
"36",2,2026-01-31,2026-01-17,"wk inc flu hosp","quantile",0.025,674.929575360069
"36",2,2026-01-31,2026-01-17,"wk inc flu hosp","quantile",0.1,954.306213088497
"36",2,2026-01-31,2026-01-17,"wk inc flu hosp","quantile",0.25,1488.54729306678
"36",2,2026-01-31,2026-01-17,"wk inc flu hosp","quantile",0.5,1903.37977691021
"36",2,2026-01-31,2026-01-17,"wk inc flu hosp","quantile",0.75,2749.89916584524
"36",2,2026-01-31,2026-01-17,"wk inc flu hosp","quantile",0.9,3684.69266042301
"36",2,2026-01-31,2026-01-17,"wk inc flu hosp","quantile",0.975,6612.08055101362
"37",0,2026-01-17,2026-01-17,"wk inc flu hosp","quantile",0.025,913.664151320734
"37",0,2026-01-17,2026-01-17,"wk inc flu hosp","quantile",0.1,1012.27190814781
"37",0,2026-01-17,2026-01-17,"wk inc flu hosp","quantile",0.25,1296.60486237934
"37",0,2026-01-17,2026-01-17,"wk inc flu hosp","quantile",0.5,1531.85393104371
"37",0,2026-01-17,2026-01-17,"wk inc flu hosp","quantile",0.75,1837.5312790653
"37",0,2026-01-17,2026-01-17,"wk inc flu hosp","quantile",0.9,2314.70962262534
"37",0,2026-01-17,2026-01-17,"wk inc flu hosp","quantile",0.975,3018.25259525238
"37",1,2026-01-24,2026-01-17,"wk inc flu hosp","quantile",0.025,588.916459831079
"37",1,2026-01-24,2026-01-17,"wk inc flu hosp","quantile",0.1,768.01909959376
"37",1,2026-01-24,2026-01-17,"wk inc flu hosp","quantile",0.25,1006.26876065788
"37",1,2026-01-24,2026-01-17,"wk inc flu hosp","quantile",0.5,1251.9857923832
"37",1,2026-01-24,2026-01-17,"wk inc flu hosp","quantile",0.75,1814.87055396673
"37",1,2026-01-24,2026-01-17,"wk inc flu hosp","quantile",0.9,2310.2448461812
"37",1,2026-01-24,2026-01-17,"wk inc flu hosp","quantile",0.975,3256.82150086302
"37",2,2026-01-31,2026-01-17,"wk inc flu hosp","quantile",0.025,439.062932734562
"37",2,2026-01-31,2026-01-17,"wk inc flu hosp","quantile",0.1,592.542431685339
"37",2,2026-01-31,2026-01-17,"wk inc flu hosp","quantile",0.25,798.163972048621
"37",2,2026-01-31,2026-01-17,"wk inc flu hosp","quantile",0.5,1100.82423073938
"37",2,2026-01-31,2026-01-17,"wk inc flu hosp","quantile",0.75,1676.09788089095
"37",2,2026-01-31,2026-01-17,"wk inc flu hosp","quantile",0.9,2284.18657458307
"37",2,2026-01-31,2026-01-17,"wk inc flu hosp","quantile",0.975,3353.13592941579
"38",0,2026-01-17,2026-01-17,"wk inc flu hosp","quantile",0.025,67.9392912163691
"38",0,2026-01-17,2026-01-17,"wk inc flu hosp","quantile",0.1,89.2311743632211
"38",0,2026-01-17,2026-01-17,"wk inc flu hosp","quantile",0.25,113.829008448063
"38",0,2026-01-17,2026-01-17,"wk inc flu hosp","quantile",0.5,130.659399062802
"38",0,2026-01-17,2026-01-17,"wk inc flu hosp","quantile",0.75,178.96533006439
"38",0,2026-01-17,2026-01-17,"wk inc flu hosp","quantile",0.9,216.913640353903
"38",0,2026-01-17,2026-01-17,"wk inc flu hosp","quantile",0.975,268.060829820521
"38",1,2026-01-24,2026-01-17,"wk inc flu hosp","quantile",0.025,53.650943524818
"38",1,2026-01-24,2026-01-17,"wk inc flu hosp","quantile",0.1,74.9861828928036
"38",1,2026-01-24,2026-01-17,"wk inc flu hosp","quantile",0.25,101.111433621322
"38",1,2026-01-24,2026-01-17,"wk inc flu hosp","quantile",0.5,114.561325297838
"38",1,2026-01-24,2026-01-17,"wk inc flu hosp","quantile",0.75,172.872403323905
"38",1,2026-01-24,2026-01-17,"wk inc flu hosp","quantile",0.9,215.820036039317
"38",1,2026-01-24,2026-01-17,"wk inc flu hosp","quantile",0.975,297.98926843689
"38",2,2026-01-31,2026-01-17,"wk inc flu hosp","quantile",0.025,44.4174932038352
"38",2,2026-01-31,2026-01-17,"wk inc flu hosp","quantile",0.1,58.961077318644
"38",2,2026-01-31,2026-01-17,"wk inc flu hosp","quantile",0.25,90.7997177514102
"38",2,2026-01-31,2026-01-17,"wk inc flu hosp","quantile",0.5,101.789311659823
"38",2,2026-01-31,2026-01-17,"wk inc flu hosp","quantile",0.75,166.096452486273
"38",2,2026-01-31,2026-01-17,"wk inc flu hosp","quantile",0.9,207.867275827065
"38",2,2026-01-31,2026-01-17,"wk inc flu hosp","quantile",0.975,306.616988516467
"39",0,2026-01-17,2026-01-17,"wk inc flu hosp","quantile",0.025,926.806757176191
"39",0,2026-01-17,2026-01-17,"wk inc flu hosp","quantile",0.1,1192.47557020406
"39",0,2026-01-17,2026-01-17,"wk inc flu hosp","quantile",0.25,1463.48611002327
"39",0,2026-01-17,2026-01-17,"wk inc flu hosp","quantile",0.5,1790.8094773988
"39",0,2026-01-17,2026-01-17,"wk inc flu hosp","quantile",0.75,2165.84757593453
"39",0,2026-01-17,2026-01-17,"wk inc flu hosp","quantile",0.9,2416.43619880598
"39",0,2026-01-17,2026-01-17,"wk inc flu hosp","quantile",0.975,3004.20633182899
"39",1,2026-01-24,2026-01-17,"wk inc flu hosp","quantile",0.025,771.003953833691
"39",1,2026-01-24,2026-01-17,"wk inc flu hosp","quantile",0.1,1055.4005091464
"39",1,2026-01-24,2026-01-17,"wk inc flu hosp","quantile",0.25,1360.44264956776
"39",1,2026-01-24,2026-01-17,"wk inc flu hosp","quantile",0.5,1691.11666460294
"39",1,2026-01-24,2026-01-17,"wk inc flu hosp","quantile",0.75,2196.41740635387
"39",1,2026-01-24,2026-01-17,"wk inc flu hosp","quantile",0.9,2469.18497018475
"39",1,2026-01-24,2026-01-17,"wk inc flu hosp","quantile",0.975,3455.78307241969
"39",2,2026-01-31,2026-01-17,"wk inc flu hosp","quantile",0.025,600.043918101278
"39",2,2026-01-31,2026-01-17,"wk inc flu hosp","quantile",0.1,780.974959678133
"39",2,2026-01-31,2026-01-17,"wk inc flu hosp","quantile",0.25,1168.97900900019
"39",2,2026-01-31,2026-01-17,"wk inc flu hosp","quantile",0.5,1558.82215332596
"39",2,2026-01-31,2026-01-17,"wk inc flu hosp","quantile",0.75,2099.43359515244
"39",2,2026-01-31,2026-01-17,"wk inc flu hosp","quantile",0.9,2561.79490195248
"39",2,2026-01-31,2026-01-17,"wk inc flu hosp","quantile",0.975,3589.59189076998
"40",0,2026-01-17,2026-01-17,"wk inc flu hosp","quantile",0.025,140.784748277236
"40",0,2026-01-17,2026-01-17,"wk inc flu hosp","quantile",0.1,203.278160398157
"40",0,2026-01-17,2026-01-17,"wk inc flu hosp","quantile",0.25,253.537716656382
"40",0,2026-01-17,2026-01-17,"wk inc flu hosp","quantile",0.5,355.632750319959
"40",0,2026-01-17,2026-01-17,"wk inc flu hosp","quantile",0.75,402.844290589793
"40",0,2026-01-17,2026-01-17,"wk inc flu hosp","quantile",0.9,500.35795552667
"40",0,2026-01-17,2026-01-17,"wk inc flu hosp","quantile",0.975,574.623862469726
"40",1,2026-01-24,2026-01-17,"wk inc flu hosp","quantile",0.025,134.503734060497
"40",1,2026-01-24,2026-01-17,"wk inc flu hosp","quantile",0.1,190.488011671778
"40",1,2026-01-24,2026-01-17,"wk inc flu hosp","quantile",0.25,254.621223002289
"40",1,2026-01-24,2026-01-17,"wk inc flu hosp","quantile",0.5,353.009706089998
"40",1,2026-01-24,2026-01-17,"wk inc flu hosp","quantile",0.75,473.942393819754
"40",1,2026-01-24,2026-01-17,"wk inc flu hosp","quantile",0.9,626.613162771104
"40",1,2026-01-24,2026-01-17,"wk inc flu hosp","quantile",0.975,721.168307714817
"40",2,2026-01-31,2026-01-17,"wk inc flu hosp","quantile",0.025,128.20379177448
"40",2,2026-01-31,2026-01-17,"wk inc flu hosp","quantile",0.1,178.53571108424
"40",2,2026-01-31,2026-01-17,"wk inc flu hosp","quantile",0.25,239.685378759416
"40",2,2026-01-31,2026-01-17,"wk inc flu hosp","quantile",0.5,347.934455467273
"40",2,2026-01-31,2026-01-17,"wk inc flu hosp","quantile",0.75,525.918420312944
"40",2,2026-01-31,2026-01-17,"wk inc flu hosp","quantile",0.9,670.31455059298
"40",2,2026-01-31,2026-01-17,"wk inc flu hosp","quantile",0.975,827.162268744151
"41",0,2026-01-17,2026-01-17,"wk inc flu hosp","quantile",0.025,108.131223452767
"41",0,2026-01-17,2026-01-17,"wk inc flu hosp","quantile",0.1,167.922255683229
"41",0,2026-01-17,2026-01-17,"wk inc flu hosp","quantile",0.25,207.623353048427
"41",0,2026-01-17,2026-01-17,"wk inc flu hosp","quantile",0.5,264.336377460418
"41",0,2026-01-17,2026-01-17,"wk inc flu hosp","quantile",0.75,308.109802382897
"41",0,2026-01-17,2026-01-17,"wk inc flu hosp","quantile",0.9,388.18987800141
"41",0,2026-01-17,2026-01-17,"wk inc flu hosp","quantile",0.975,486.565336483085
"41",1,2026-01-24,2026-01-17,"wk inc flu hosp","quantile",0.025,104.610322655574
"41",1,2026-01-24,2026-01-17,"wk inc flu hosp","quantile",0.1,165.866986865075
"41",1,2026-01-24,2026-01-17,"wk inc flu hosp","quantile",0.25,220.13915873091
"41",1,2026-01-24,2026-01-17,"wk inc flu hosp","quantile",0.5,290.924015036135
"41",1,2026-01-24,2026-01-17,"wk inc flu hosp","quantile",0.75,379.597947177589
"41",1,2026-01-24,2026-01-17,"wk inc flu hosp","quantile",0.9,481.591119076936
"41",1,2026-01-24,2026-01-17,"wk inc flu hosp","quantile",0.975,568.238434604756
"41",2,2026-01-31,2026-01-17,"wk inc flu hosp","quantile",0.025,98.5395189326028
"41",2,2026-01-31,2026-01-17,"wk inc flu hosp","quantile",0.1,158.031204155758
"41",2,2026-01-31,2026-01-17,"wk inc flu hosp","quantile",0.25,219.357005832854
"41",2,2026-01-31,2026-01-17,"wk inc flu hosp","quantile",0.5,289.120171024998
"41",2,2026-01-31,2026-01-17,"wk inc flu hosp","quantile",0.75,408.761953916236
"41",2,2026-01-31,2026-01-17,"wk inc flu hosp","quantile",0.9,499.399734634597
"41",2,2026-01-31,2026-01-17,"wk inc flu hosp","quantile",0.975,670.068767679139
"42",0,2026-01-17,2026-01-17,"wk inc flu hosp","quantile",0.025,1595.02900062791
"42",0,2026-01-17,2026-01-17,"wk inc flu hosp","quantile",0.1,2089.26429623904
"42",0,2026-01-17,2026-01-17,"wk inc flu hosp","quantile",0.25,2409.46514984457
"42",0,2026-01-17,2026-01-17,"wk inc flu hosp","quantile",0.5,2881.93913680308
"42",0,2026-01-17,2026-01-17,"wk inc flu hosp","quantile",0.75,3506.60915455452
"42",0,2026-01-17,2026-01-17,"wk inc flu hosp","quantile",0.9,4031.45956840757
"42",0,2026-01-17,2026-01-17,"wk inc flu hosp","quantile",0.975,4905.00753287762
"42",1,2026-01-24,2026-01-17,"wk inc flu hosp","quantile",0.025,1284.14633493766
"42",1,2026-01-24,2026-01-17,"wk inc flu hosp","quantile",0.1,1760.87940623604
"42",1,2026-01-24,2026-01-17,"wk inc flu hosp","quantile",0.25,2183.31818493291
"42",1,2026-01-24,2026-01-17,"wk inc flu hosp","quantile",0.5,2709.35113693999
"42",1,2026-01-24,2026-01-17,"wk inc flu hosp","quantile",0.75,3463.15459481955
"42",1,2026-01-24,2026-01-17,"wk inc flu hosp","quantile",0.9,4216.63937251648
"42",1,2026-01-24,2026-01-17,"wk inc flu hosp","quantile",0.975,5495.37287272867
"42",2,2026-01-31,2026-01-17,"wk inc flu hosp","quantile",0.025,1061.45183568147
"42",2,2026-01-31,2026-01-17,"wk inc flu hosp","quantile",0.1,1336.36604907343
"42",2,2026-01-31,2026-01-17,"wk inc flu hosp","quantile",0.25,1759.37445564746
"42",2,2026-01-31,2026-01-17,"wk inc flu hosp","quantile",0.5,2553.47477407196
"42",2,2026-01-31,2026-01-17,"wk inc flu hosp","quantile",0.75,3237.42121659623
"42",2,2026-01-31,2026-01-17,"wk inc flu hosp","quantile",0.9,4203.56854870909
"42",2,2026-01-31,2026-01-17,"wk inc flu hosp","quantile",0.975,5996.98865396462
"44",0,2026-01-17,2026-01-17,"wk inc flu hosp","quantile",0.025,114.543674642343
"44",0,2026-01-17,2026-01-17,"wk inc flu hosp","quantile",0.1,127.867215340336
"44",0,2026-01-17,2026-01-17,"wk inc flu hosp","quantile",0.25,172.030486315677
"44",0,2026-01-17,2026-01-17,"wk inc flu hosp","quantile",0.5,195.072207191555
"44",0,2026-01-17,2026-01-17,"wk inc flu hosp","quantile",0.75,259.07972476134
"44",0,2026-01-17,2026-01-17,"wk inc flu hosp","quantile",0.9,322.27371251875
"44",0,2026-01-17,2026-01-17,"wk inc flu hosp","quantile",0.975,420.001150926191
"44",1,2026-01-24,2026-01-17,"wk inc flu hosp","quantile",0.025,79.6165071503214
"44",1,2026-01-24,2026-01-17,"wk inc flu hosp","quantile",0.1,103.098985216042
"44",1,2026-01-24,2026-01-17,"wk inc flu hosp","quantile",0.25,137.134535241468
"44",1,2026-01-24,2026-01-17,"wk inc flu hosp","quantile",0.5,153.049843898319
"44",1,2026-01-24,2026-01-17,"wk inc flu hosp","quantile",0.75,246.068647861346
"44",1,2026-01-24,2026-01-17,"wk inc flu hosp","quantile",0.9,318.854150925732
"44",1,2026-01-24,2026-01-17,"wk inc flu hosp","quantile",0.975,463.765496820264
"44",2,2026-01-31,2026-01-17,"wk inc flu hosp","quantile",0.025,59.5931975516106
"44",2,2026-01-31,2026-01-17,"wk inc flu hosp","quantile",0.1,77.0922426874591
"44",2,2026-01-31,2026-01-17,"wk inc flu hosp","quantile",0.25,109.455049554793
"44",2,2026-01-31,2026-01-17,"wk inc flu hosp","quantile",0.5,137.537480979855
"44",2,2026-01-31,2026-01-17,"wk inc flu hosp","quantile",0.75,229.174181049333
"44",2,2026-01-31,2026-01-17,"wk inc flu hosp","quantile",0.9,300.627528384129
"44",2,2026-01-31,2026-01-17,"wk inc flu hosp","quantile",0.975,475.068507761445
"45",0,2026-01-17,2026-01-17,"wk inc flu hosp","quantile",0.025,404.661901997859
"45",0,2026-01-17,2026-01-17,"wk inc flu hosp","quantile",0.1,495.006983348893
"45",0,2026-01-17,2026-01-17,"wk inc flu hosp","quantile",0.25,639.232622622966
"45",0,2026-01-17,2026-01-17,"wk inc flu hosp","quantile",0.5,723.402447538305
"45",0,2026-01-17,2026-01-17,"wk inc flu hosp","quantile",0.75,933.105108931734
"45",0,2026-01-17,2026-01-17,"wk inc flu hosp","quantile",0.9,1002.98315912401
"45",0,2026-01-17,2026-01-17,"wk inc flu hosp","quantile",0.975,1280.30104223751
"45",1,2026-01-24,2026-01-17,"wk inc flu hosp","quantile",0.025,329.622362773539
"45",1,2026-01-24,2026-01-17,"wk inc flu hosp","quantile",0.1,395.705590922591
"45",1,2026-01-24,2026-01-17,"wk inc flu hosp","quantile",0.25,577.547411094812
"45",1,2026-01-24,2026-01-17,"wk inc flu hosp","quantile",0.5,637.044485644258
"45",1,2026-01-24,2026-01-17,"wk inc flu hosp","quantile",0.75,904.97362795063
"45",1,2026-01-24,2026-01-17,"wk inc flu hosp","quantile",0.9,1035.72620446582
"45",1,2026-01-24,2026-01-17,"wk inc flu hosp","quantile",0.975,1424.69405101754
"45",2,2026-01-31,2026-01-17,"wk inc flu hosp","quantile",0.025,252.702481556487
"45",2,2026-01-31,2026-01-17,"wk inc flu hosp","quantile",0.1,321.956478557428
"45",2,2026-01-31,2026-01-17,"wk inc flu hosp","quantile",0.25,460.521776557106
"45",2,2026-01-31,2026-01-17,"wk inc flu hosp","quantile",0.5,553.124999801992
"45",2,2026-01-31,2026-01-17,"wk inc flu hosp","quantile",0.75,830.778229601187
"45",2,2026-01-31,2026-01-17,"wk inc flu hosp","quantile",0.9,1054.72500983085
"45",2,2026-01-31,2026-01-17,"wk inc flu hosp","quantile",0.975,1495.41427231216
"46",0,2026-01-17,2026-01-17,"wk inc flu hosp","quantile",0.025,48.9177661045772
"46",0,2026-01-17,2026-01-17,"wk inc flu hosp","quantile",0.1,68.8145453844618
"46",0,2026-01-17,2026-01-17,"wk inc flu hosp","quantile",0.25,83.6740508649794
"46",0,2026-01-17,2026-01-17,"wk inc flu hosp","quantile",0.5,102.605268322628
"46",0,2026-01-17,2026-01-17,"wk inc flu hosp","quantile",0.75,126.253749364554
"46",0,2026-01-17,2026-01-17,"wk inc flu hosp","quantile",0.9,163.07399029769
"46",0,2026-01-17,2026-01-17,"wk inc flu hosp","quantile",0.975,199.873191157983
"46",1,2026-01-24,2026-01-17,"wk inc flu hosp","quantile",0.025,44.1003540384578
"46",1,2026-01-24,2026-01-17,"wk inc flu hosp","quantile",0.1,65.4943881941875
"46",1,2026-01-24,2026-01-17,"wk inc flu hosp","quantile",0.25,85.5714430082264
"46",1,2026-01-24,2026-01-17,"wk inc flu hosp","quantile",0.5,104.211151642347
"46",1,2026-01-24,2026-01-17,"wk inc flu hosp","quantile",0.75,134.196699146576
"46",1,2026-01-24,2026-01-17,"wk inc flu hosp","quantile",0.9,178.335390094048
"46",1,2026-01-24,2026-01-17,"wk inc flu hosp","quantile",0.975,236.412558104627
"46",2,2026-01-31,2026-01-17,"wk inc flu hosp","quantile",0.025,41.9453820113951
"46",2,2026-01-31,2026-01-17,"wk inc flu hosp","quantile",0.1,60.4041088431064
"46",2,2026-01-31,2026-01-17,"wk inc flu hosp","quantile",0.25,81.8123700640092
"46",2,2026-01-31,2026-01-17,"wk inc flu hosp","quantile",0.5,99.7132974046635
"46",2,2026-01-31,2026-01-17,"wk inc flu hosp","quantile",0.75,135.871750131485
"46",2,2026-01-31,2026-01-17,"wk inc flu hosp","quantile",0.9,176.795509234122
"46",2,2026-01-31,2026-01-17,"wk inc flu hosp","quantile",0.975,251.165982982261
"47",0,2026-01-17,2026-01-17,"wk inc flu hosp","quantile",0.025,431.122681035412
"47",0,2026-01-17,2026-01-17,"wk inc flu hosp","quantile",0.1,533.249974602538
"47",0,2026-01-17,2026-01-17,"wk inc flu hosp","quantile",0.25,638.162756625288
"47",0,2026-01-17,2026-01-17,"wk inc flu hosp","quantile",0.5,767.154838245722
"47",0,2026-01-17,2026-01-17,"wk inc flu hosp","quantile",0.75,917.976018334093
"47",0,2026-01-17,2026-01-17,"wk inc flu hosp","quantile",0.9,1013.54277611741
"47",0,2026-01-17,2026-01-17,"wk inc flu hosp","quantile",0.975,1308.20150556983
"47",1,2026-01-24,2026-01-17,"wk inc flu hosp","quantile",0.025,355.931243320797
"47",1,2026-01-24,2026-01-17,"wk inc flu hosp","quantile",0.1,454.148347758262
"47",1,2026-01-24,2026-01-17,"wk inc flu hosp","quantile",0.25,587.332352360499
"47",1,2026-01-24,2026-01-17,"wk inc flu hosp","quantile",0.5,666.714542651729
"47",1,2026-01-24,2026-01-17,"wk inc flu hosp","quantile",0.75,927.19107827826
"47",1,2026-01-24,2026-01-17,"wk inc flu hosp","quantile",0.9,1059.39422339724
"47",1,2026-01-24,2026-01-17,"wk inc flu hosp","quantile",0.975,1431.05677483171
"47",2,2026-01-31,2026-01-17,"wk inc flu hosp","quantile",0.025,293.26028163425
"47",2,2026-01-31,2026-01-17,"wk inc flu hosp","quantile",0.1,360.330967995163
"47",2,2026-01-31,2026-01-17,"wk inc flu hosp","quantile",0.25,530.783564563971
"47",2,2026-01-31,2026-01-17,"wk inc flu hosp","quantile",0.5,601.866099329375
"47",2,2026-01-31,2026-01-17,"wk inc flu hosp","quantile",0.75,864.576443321251
"47",2,2026-01-31,2026-01-17,"wk inc flu hosp","quantile",0.9,1105.55829297256
"47",2,2026-01-31,2026-01-17,"wk inc flu hosp","quantile",0.975,1517.51509115097
"48",0,2026-01-17,2026-01-17,"wk inc flu hosp","quantile",0.025,1165.05640993665
"48",0,2026-01-17,2026-01-17,"wk inc flu hosp","quantile",0.1,1437.19462359742
"48",0,2026-01-17,2026-01-17,"wk inc flu hosp","quantile",0.25,1851.99014131064
"48",0,2026-01-17,2026-01-17,"wk inc flu hosp","quantile",0.5,2321.74523821477
"48",0,2026-01-17,2026-01-17,"wk inc flu hosp","quantile",0.75,2463.18360460454
"48",0,2026-01-17,2026-01-17,"wk inc flu hosp","quantile",0.9,2639.31573223162
"48",0,2026-01-17,2026-01-17,"wk inc flu hosp","quantile",0.975,3484.86711066851
"48",1,2026-01-24,2026-01-17,"wk inc flu hosp","quantile",0.025,982.66365509557
"48",1,2026-01-24,2026-01-17,"wk inc flu hosp","quantile",0.1,1198.79414572096
"48",1,2026-01-24,2026-01-17,"wk inc flu hosp","quantile",0.25,1684.60292483421
"48",1,2026-01-24,2026-01-17,"wk inc flu hosp","quantile",0.5,2134.80579590097
"48",1,2026-01-24,2026-01-17,"wk inc flu hosp","quantile",0.75,2569.35483421467
"48",1,2026-01-24,2026-01-17,"wk inc flu hosp","quantile",0.9,2746.65164150366
"48",1,2026-01-24,2026-01-17,"wk inc flu hosp","quantile",0.975,4082.64283430576
"48",2,2026-01-31,2026-01-17,"wk inc flu hosp","quantile",0.025,796.843622434329
"48",2,2026-01-31,2026-01-17,"wk inc flu hosp","quantile",0.1,955.592838960081
"48",2,2026-01-31,2026-01-17,"wk inc flu hosp","quantile",0.25,1437.35667605435
"48",2,2026-01-31,2026-01-17,"wk inc flu hosp","quantile",0.5,2037.62343031324
"48",2,2026-01-31,2026-01-17,"wk inc flu hosp","quantile",0.75,2457.81441516409
"48",2,2026-01-31,2026-01-17,"wk inc flu hosp","quantile",0.9,2802.79005149944
"48",2,2026-01-31,2026-01-17,"wk inc flu hosp","quantile",0.975,4361.69482636813
"49",0,2026-01-17,2026-01-17,"wk inc flu hosp","quantile",0.025,121.333307555251
"49",0,2026-01-17,2026-01-17,"wk inc flu hosp","quantile",0.1,148.407915088985
"49",0,2026-01-17,2026-01-17,"wk inc flu hosp","quantile",0.25,195.994900943135
"49",0,2026-01-17,2026-01-17,"wk inc flu hosp","quantile",0.5,226.49981649967
"49",0,2026-01-17,2026-01-17,"wk inc flu hosp","quantile",0.75,298.191850226221
"49",0,2026-01-17,2026-01-17,"wk inc flu hosp","quantile",0.9,341.012112899692
"49",0,2026-01-17,2026-01-17,"wk inc flu hosp","quantile",0.975,426.670361301346
"49",1,2026-01-24,2026-01-17,"wk inc flu hosp","quantile",0.025,99.4032096486063
"49",1,2026-01-24,2026-01-17,"wk inc flu hosp","quantile",0.1,121.192902143654
"49",1,2026-01-24,2026-01-17,"wk inc flu hosp","quantile",0.25,164.029405018054
"49",1,2026-01-24,2026-01-17,"wk inc flu hosp","quantile",0.5,205.073118459478
"49",1,2026-01-24,2026-01-17,"wk inc flu hosp","quantile",0.75,297.842138860534
"49",1,2026-01-24,2026-01-17,"wk inc flu hosp","quantile",0.9,356.107393086086
"49",1,2026-01-24,2026-01-17,"wk inc flu hosp","quantile",0.975,470.06516725404
"49",2,2026-01-31,2026-01-17,"wk inc flu hosp","quantile",0.025,77.4916498374792
"49",2,2026-01-31,2026-01-17,"wk inc flu hosp","quantile",0.1,99.2078156934804
"49",2,2026-01-31,2026-01-17,"wk inc flu hosp","quantile",0.25,142.816519825186
"49",2,2026-01-31,2026-01-17,"wk inc flu hosp","quantile",0.5,198.4002987899
"49",2,2026-01-31,2026-01-17,"wk inc flu hosp","quantile",0.75,274.961021006773
"49",2,2026-01-31,2026-01-17,"wk inc flu hosp","quantile",0.9,356.450702224729
"49",2,2026-01-31,2026-01-17,"wk inc flu hosp","quantile",0.975,495.914176727003
"50",0,2026-01-17,2026-01-17,"wk inc flu hosp","quantile",0.025,24.8100094433602
"50",0,2026-01-17,2026-01-17,"wk inc flu hosp","quantile",0.1,36.2969643296868
"50",0,2026-01-17,2026-01-17,"wk inc flu hosp","quantile",0.25,45.5799075633123
"50",0,2026-01-17,2026-01-17,"wk inc flu hosp","quantile",0.5,55.122344272883
"50",0,2026-01-17,2026-01-17,"wk inc flu hosp","quantile",0.75,72.5740933173906
"50",0,2026-01-17,2026-01-17,"wk inc flu hosp","quantile",0.9,99.3700168199411
"50",0,2026-01-17,2026-01-17,"wk inc flu hosp","quantile",0.975,117.629496397319
"50",1,2026-01-24,2026-01-17,"wk inc flu hosp","quantile",0.025,22.3993043860071
"50",1,2026-01-24,2026-01-17,"wk inc flu hosp","quantile",0.1,34.9720857019586
"50",1,2026-01-24,2026-01-17,"wk inc flu hosp","quantile",0.25,45.9605291508887
"50",1,2026-01-24,2026-01-17,"wk inc flu hosp","quantile",0.5,55.0864471472042
"50",1,2026-01-24,2026-01-17,"wk inc flu hosp","quantile",0.75,80.2128466262332
"50",1,2026-01-24,2026-01-17,"wk inc flu hosp","quantile",0.9,111.342916303821
"50",1,2026-01-24,2026-01-17,"wk inc flu hosp","quantile",0.975,136.783170123108
"50",2,2026-01-31,2026-01-17,"wk inc flu hosp","quantile",0.025,19.576361514466
"50",2,2026-01-31,2026-01-17,"wk inc flu hosp","quantile",0.1,30.1408824286555
"50",2,2026-01-31,2026-01-17,"wk inc flu hosp","quantile",0.25,44.0474476751837
"50",2,2026-01-31,2026-01-17,"wk inc flu hosp","quantile",0.5,49.7097036691238
"50",2,2026-01-31,2026-01-17,"wk inc flu hosp","quantile",0.75,78.8311111870221
"50",2,2026-01-31,2026-01-17,"wk inc flu hosp","quantile",0.9,113.290009065967
"50",2,2026-01-31,2026-01-17,"wk inc flu hosp","quantile",0.975,151.126655097055
"51",0,2026-01-17,2026-01-17,"wk inc flu hosp","quantile",0.025,549.198413104359
"51",0,2026-01-17,2026-01-17,"wk inc flu hosp","quantile",0.1,661.715074082123
"51",0,2026-01-17,2026-01-17,"wk inc flu hosp","quantile",0.25,776.031850082596
"51",0,2026-01-17,2026-01-17,"wk inc flu hosp","quantile",0.5,955.255676447809
"51",0,2026-01-17,2026-01-17,"wk inc flu hosp","quantile",0.75,1173.17500265548
"51",0,2026-01-17,2026-01-17,"wk inc flu hosp","quantile",0.9,1248.86812128706
"51",0,2026-01-17,2026-01-17,"wk inc flu hosp","quantile",0.975,1632.38572298617
"51",1,2026-01-24,2026-01-17,"wk inc flu hosp","quantile",0.025,454.700191936859
"51",1,2026-01-24,2026-01-17,"wk inc flu hosp","quantile",0.1,609.303283863599
"51",1,2026-01-24,2026-01-17,"wk inc flu hosp","quantile",0.25,731.445296898765
"51",1,2026-01-24,2026-01-17,"wk inc flu hosp","quantile",0.5,843.946432321164
"51",1,2026-01-24,2026-01-17,"wk inc flu hosp","quantile",0.75,1108.0467591067
"51",1,2026-01-24,2026-01-17,"wk inc flu hosp","quantile",0.9,1332.64012495054
"51",1,2026-01-24,2026-01-17,"wk inc flu hosp","quantile",0.975,1770.34671178508
"51",2,2026-01-31,2026-01-17,"wk inc flu hosp","quantile",0.025,378.691041167006
"51",2,2026-01-31,2026-01-17,"wk inc flu hosp","quantile",0.1,487.969247226388
"51",2,2026-01-31,2026-01-17,"wk inc flu hosp","quantile",0.25,625.187175273446
"51",2,2026-01-31,2026-01-17,"wk inc flu hosp","quantile",0.5,741.916769316718
"51",2,2026-01-31,2026-01-17,"wk inc flu hosp","quantile",0.75,1055.34114170981
"51",2,2026-01-31,2026-01-17,"wk inc flu hosp","quantile",0.9,1374.43427965825
"51",2,2026-01-31,2026-01-17,"wk inc flu hosp","quantile",0.975,1903.63777339879
"53",0,2026-01-17,2026-01-17,"wk inc flu hosp","quantile",0.025,176.438059486729
"53",0,2026-01-17,2026-01-17,"wk inc flu hosp","quantile",0.1,260.146811905218
"53",0,2026-01-17,2026-01-17,"wk inc flu hosp","quantile",0.25,336.70490563605
"53",0,2026-01-17,2026-01-17,"wk inc flu hosp","quantile",0.5,396.653542266912
"53",0,2026-01-17,2026-01-17,"wk inc flu hosp","quantile",0.75,490.481733252816
"53",0,2026-01-17,2026-01-17,"wk inc flu hosp","quantile",0.9,576.581753212797
"53",0,2026-01-17,2026-01-17,"wk inc flu hosp","quantile",0.975,717.074304113521
"53",1,2026-01-24,2026-01-17,"wk inc flu hosp","quantile",0.025,169.420821350689
"53",1,2026-01-24,2026-01-17,"wk inc flu hosp","quantile",0.1,256.651580920395
"53",1,2026-01-24,2026-01-17,"wk inc flu hosp","quantile",0.25,330.647373466136
"53",1,2026-01-24,2026-01-17,"wk inc flu hosp","quantile",0.5,410.500691484293
"53",1,2026-01-24,2026-01-17,"wk inc flu hosp","quantile",0.75,578.843366210428
"53",1,2026-01-24,2026-01-17,"wk inc flu hosp","quantile",0.9,677.946525980964
"53",1,2026-01-24,2026-01-17,"wk inc flu hosp","quantile",0.975,868.539598157404
"53",2,2026-01-31,2026-01-17,"wk inc flu hosp","quantile",0.025,161.189238948323
"53",2,2026-01-31,2026-01-17,"wk inc flu hosp","quantile",0.1,243.24597616371
"53",2,2026-01-31,2026-01-17,"wk inc flu hosp","quantile",0.25,322.937510140719
"53",2,2026-01-31,2026-01-17,"wk inc flu hosp","quantile",0.5,395.215138755121
"53",2,2026-01-31,2026-01-17,"wk inc flu hosp","quantile",0.75,608.986289322647
"53",2,2026-01-31,2026-01-17,"wk inc flu hosp","quantile",0.9,726.243832493012
"53",2,2026-01-31,2026-01-17,"wk inc flu hosp","quantile",0.975,950.566251649425
"54",0,2026-01-17,2026-01-17,"wk inc flu hosp","quantile",0.025,63.152597823163
"54",0,2026-01-17,2026-01-17,"wk inc flu hosp","quantile",0.1,93.2320661571014
"54",0,2026-01-17,2026-01-17,"wk inc flu hosp","quantile",0.25,124.937395413983
"54",0,2026-01-17,2026-01-17,"wk inc flu hosp","quantile",0.5,158.18191452222
"54",0,2026-01-17,2026-01-17,"wk inc flu hosp","quantile",0.75,207.342394367099
"54",0,2026-01-17,2026-01-17,"wk inc flu hosp","quantile",0.9,266.979352054571
"54",0,2026-01-17,2026-01-17,"wk inc flu hosp","quantile",0.975,296.066063233261
"54",1,2026-01-24,2026-01-17,"wk inc flu hosp","quantile",0.025,60.7257559365881
"54",1,2026-01-24,2026-01-17,"wk inc flu hosp","quantile",0.1,84.0551309872943
"54",1,2026-01-24,2026-01-17,"wk inc flu hosp","quantile",0.25,135.55795344688
"54",1,2026-01-24,2026-01-17,"wk inc flu hosp","quantile",0.5,149.349365575925
"54",1,2026-01-24,2026-01-17,"wk inc flu hosp","quantile",0.75,241.183725724034
"54",1,2026-01-24,2026-01-17,"wk inc flu hosp","quantile",0.9,317.702282671709
"54",1,2026-01-24,2026-01-17,"wk inc flu hosp","quantile",0.975,372.215651621791
"54",2,2026-01-31,2026-01-17,"wk inc flu hosp","quantile",0.025,55.9207044562375
"54",2,2026-01-31,2026-01-17,"wk inc flu hosp","quantile",0.1,75.3082876210252
"54",2,2026-01-31,2026-01-17,"wk inc flu hosp","quantile",0.25,121.378469869749
"54",2,2026-01-31,2026-01-17,"wk inc flu hosp","quantile",0.5,128.099409524339
"54",2,2026-01-31,2026-01-17,"wk inc flu hosp","quantile",0.75,243.80977164603
"54",2,2026-01-31,2026-01-17,"wk inc flu hosp","quantile",0.9,337.956937119881
"54",2,2026-01-31,2026-01-17,"wk inc flu hosp","quantile",0.975,411.213015729151
"55",0,2026-01-17,2026-01-17,"wk inc flu hosp","quantile",0.025,491.392107871531
"55",0,2026-01-17,2026-01-17,"wk inc flu hosp","quantile",0.1,668.837903093466
"55",0,2026-01-17,2026-01-17,"wk inc flu hosp","quantile",0.25,795.693370878359
"55",0,2026-01-17,2026-01-17,"wk inc flu hosp","quantile",0.5,903.947624819251
"55",0,2026-01-17,2026-01-17,"wk inc flu hosp","quantile",0.75,1171.20126898653
"55",0,2026-01-17,2026-01-17,"wk inc flu hosp","quantile",0.9,1347.63450156579
"55",0,2026-01-17,2026-01-17,"wk inc flu hosp","quantile",0.975,1748.93150222696
"55",1,2026-01-24,2026-01-17,"wk inc flu hosp","quantile",0.025,401.672517681032
"55",1,2026-01-24,2026-01-17,"wk inc flu hosp","quantile",0.1,556.74076204099
"55",1,2026-01-24,2026-01-17,"wk inc flu hosp","quantile",0.25,706.513567448889
"55",1,2026-01-24,2026-01-17,"wk inc flu hosp","quantile",0.5,827.37799514906
"55",1,2026-01-24,2026-01-17,"wk inc flu hosp","quantile",0.75,1136.14869504485
"55",1,2026-01-24,2026-01-17,"wk inc flu hosp","quantile",0.9,1455.47243909784
"55",1,2026-01-24,2026-01-17,"wk inc flu hosp","quantile",0.975,2016.81928535464
"55",2,2026-01-31,2026-01-17,"wk inc flu hosp","quantile",0.025,317.351602351258
"55",2,2026-01-31,2026-01-17,"wk inc flu hosp","quantile",0.1,446.718167024538
"55",2,2026-01-31,2026-01-17,"wk inc flu hosp","quantile",0.25,608.877818809247
"55",2,2026-01-31,2026-01-17,"wk inc flu hosp","quantile",0.5,740.113459092741
"55",2,2026-01-31,2026-01-17,"wk inc flu hosp","quantile",0.75,1114.58543481431
"55",2,2026-01-31,2026-01-17,"wk inc flu hosp","quantile",0.9,1430.0142918713
"55",2,2026-01-31,2026-01-17,"wk inc flu hosp","quantile",0.975,2108.52855493214
"56",0,2026-01-17,2026-01-17,"wk inc flu hosp","quantile",0.025,25.5062018264187
"56",0,2026-01-17,2026-01-17,"wk inc flu hosp","quantile",0.1,39.2465901571095
"56",0,2026-01-17,2026-01-17,"wk inc flu hosp","quantile",0.25,51.445126153994
"56",0,2026-01-17,2026-01-17,"wk inc flu hosp","quantile",0.5,64.114481521162
"56",0,2026-01-17,2026-01-17,"wk inc flu hosp","quantile",0.75,72.198071163492
"56",0,2026-01-17,2026-01-17,"wk inc flu hosp","quantile",0.9,103.208466475315
"56",0,2026-01-17,2026-01-17,"wk inc flu hosp","quantile",0.975,125.669105578374
"56",1,2026-01-24,2026-01-17,"wk inc flu hosp","quantile",0.025,23.61777491104
"56",1,2026-01-24,2026-01-17,"wk inc flu hosp","quantile",0.1,35.6730743798129
"56",1,2026-01-24,2026-01-17,"wk inc flu hosp","quantile",0.25,52.7419881124842
"56",1,2026-01-24,2026-01-17,"wk inc flu hosp","quantile",0.5,62.0068119880089
"56",1,2026-01-24,2026-01-17,"wk inc flu hosp","quantile",0.75,80.2033860750593
"56",1,2026-01-24,2026-01-17,"wk inc flu hosp","quantile",0.9,103.948331899191
"56",1,2026-01-24,2026-01-17,"wk inc flu hosp","quantile",0.975,147.322612496842
"56",2,2026-01-31,2026-01-17,"wk inc flu hosp","quantile",0.025,20.1663515645562
"56",2,2026-01-31,2026-01-17,"wk inc flu hosp","quantile",0.1,28.1473748962166
"56",2,2026-01-31,2026-01-17,"wk inc flu hosp","quantile",0.25,46.890057617254
"56",2,2026-01-31,2026-01-17,"wk inc flu hosp","quantile",0.5,56.1463478075429
"56",2,2026-01-31,2026-01-17,"wk inc flu hosp","quantile",0.75,77.7620604351964
"56",2,2026-01-31,2026-01-17,"wk inc flu hosp","quantile",0.9,104.859218807352
"56",2,2026-01-31,2026-01-17,"wk inc flu hosp","quantile",0.975,162.337455099666
"72",0,2026-01-17,2026-01-17,"wk inc flu hosp","quantile",0.025,151.454645682886
"72",0,2026-01-17,2026-01-17,"wk inc flu hosp","quantile",0.1,185.097427425383
"72",0,2026-01-17,2026-01-17,"wk inc flu hosp","quantile",0.25,268.172551913419
"72",0,2026-01-17,2026-01-17,"wk inc flu hosp","quantile",0.5,343.047890042489
"72",0,2026-01-17,2026-01-17,"wk inc flu hosp","quantile",0.75,408.94852715835
"72",0,2026-01-17,2026-01-17,"wk inc flu hosp","quantile",0.9,448.240249247515
"72",0,2026-01-17,2026-01-17,"wk inc flu hosp","quantile",0.975,579.405375086754
"72",1,2026-01-24,2026-01-17,"wk inc flu hosp","quantile",0.025,132.652894653685
"72",1,2026-01-24,2026-01-17,"wk inc flu hosp","quantile",0.1,169.142478377238
"72",1,2026-01-24,2026-01-17,"wk inc flu hosp","quantile",0.25,254.76616199792
"72",1,2026-01-24,2026-01-17,"wk inc flu hosp","quantile",0.5,349.46587668509
"72",1,2026-01-24,2026-01-17,"wk inc flu hosp","quantile",0.75,411.054296263839
"72",1,2026-01-24,2026-01-17,"wk inc flu hosp","quantile",0.9,473.859967300226
"72",1,2026-01-24,2026-01-17,"wk inc flu hosp","quantile",0.975,669.480272437617
"72",2,2026-01-31,2026-01-17,"wk inc flu hosp","quantile",0.025,112.474278389551
"72",2,2026-01-31,2026-01-17,"wk inc flu hosp","quantile",0.1,140.237926451684
"72",2,2026-01-31,2026-01-17,"wk inc flu hosp","quantile",0.25,231.729915304931
"72",2,2026-01-31,2026-01-17,"wk inc flu hosp","quantile",0.5,348.704548053217
"72",2,2026-01-31,2026-01-17,"wk inc flu hosp","quantile",0.75,428.231110599493
"72",2,2026-01-31,2026-01-17,"wk inc flu hosp","quantile",0.9,506.021185596821
"72",2,2026-01-31,2026-01-17,"wk inc flu hosp","quantile",0.975,720.304492093932
"US",0,2026-01-17,2026-01-17,"wk inc flu hosp","quantile",0.025,16047.9475481568
"US",0,2026-01-17,2026-01-17,"wk inc flu hosp","quantile",0.1,20678.2506199294
"US",0,2026-01-17,2026-01-17,"wk inc flu hosp","quantile",0.25,23101.9505898177
"US",0,2026-01-17,2026-01-17,"wk inc flu hosp","quantile",0.5,25597.8426086562
"US",0,2026-01-17,2026-01-17,"wk inc flu hosp","quantile",0.75,30419.2336236437
"US",0,2026-01-17,2026-01-17,"wk inc flu hosp","quantile",0.9,31201.5807996845
"US",0,2026-01-17,2026-01-17,"wk inc flu hosp","quantile",0.975,38964.2934866326
"US",1,2026-01-24,2026-01-17,"wk inc flu hosp","quantile",0.025,12921.7559539517
"US",1,2026-01-24,2026-01-17,"wk inc flu hosp","quantile",0.1,16430.6481907137
"US",1,2026-01-24,2026-01-17,"wk inc flu hosp","quantile",0.25,20657.5602050605
"US",1,2026-01-24,2026-01-17,"wk inc flu hosp","quantile",0.5,25580.4526308864
"US",1,2026-01-24,2026-01-17,"wk inc flu hosp","quantile",0.75,28985.1414082417
"US",1,2026-01-24,2026-01-17,"wk inc flu hosp","quantile",0.9,32779.7008292007
"US",1,2026-01-24,2026-01-17,"wk inc flu hosp","quantile",0.975,44206.7734929354
"US",2,2026-01-31,2026-01-17,"wk inc flu hosp","quantile",0.025,10602.6384438663
"US",2,2026-01-31,2026-01-17,"wk inc flu hosp","quantile",0.1,14201.3181154705
"US",2,2026-01-31,2026-01-17,"wk inc flu hosp","quantile",0.25,18638.249899121
"US",2,2026-01-31,2026-01-17,"wk inc flu hosp","quantile",0.5,24194.0666007817
"US",2,2026-01-31,2026-01-17,"wk inc flu hosp","quantile",0.75,28494.4078054779
"US",2,2026-01-31,2026-01-17,"wk inc flu hosp","quantile",0.9,34676.1035367995
"US",2,2026-01-31,2026-01-17,"wk inc flu hosp","quantile",0.975,49460.7249463863
"US",3,2026-02-07,2026-01-17,"wk inc flu hosp","quantile",0.025,8608.0752140451
"US",3,2026-02-07,2026-01-17,"wk inc flu hosp","quantile",0.1,10615.701405195
"US",3,2026-02-07,2026-01-17,"wk inc flu hosp","quantile",0.25,16497.5795567413
"US",3,2026-02-07,2026-01-17,"wk inc flu hosp","quantile",0.5,21939.9234580963
"US",3,2026-02-07,2026-01-17,"wk inc flu hosp","quantile",0.75,27247.4019274398
"US",3,2026-02-07,2026-01-17,"wk inc flu hosp","quantile",0.9,34967.3625512905
"US",3,2026-02-07,2026-01-17,"wk inc flu hosp","quantile",0.975,51138.2808983057
